Tarih,Saat,Toplam (MWh),Dogal Gaz,Baraj,Linyit,Akarsu,ithal Kömür,Rüzgar,Günes,Fuel Oil,Jeotermal,Asfaltit Kömür,Tas Kömür,Biyokütle,Nafta,LNG,Uluslararasi
01.01.2021,00:00,29396.62,7083.97,1551.39,5256.89,686.07,7673.92,4836.19,0,33.2,1238.01,218.59,603.87,578.72,0,0,-364.2
01.01.2021,01:00,27974.48,6072.81,1387.63,5121.95,703.9,7530.56,4826.45,0,34,1244.05,223,599.09,577.04,0,0,-346
01.01.2021,02:00,26437.12,4878.19,1507.96,5110.55,667.26,6979.91,4750.11,0,30.3,1246.75,223,603.49,581.6,0,0,-142
01.01.2021,03:00,25236.23,4394.61,1652.86,5029.12,651.91,6536.85,4432.18,0,30.8,1248.66,220.79,603.81,579.64,0,0,-145
01.01.2021,04:00,24627.73,4191.38,1615.38,5012.93,670.94,6266.92,4321.98,0,31.4,1246.97,220.8,602.66,583.37,0,0,-137
01.01.2021,05:00,24541.07,4191.29,1486.47,5004.38,735.99,6244.92,4347,0,30.9,1249.19,220.79,585.82,576.32,0,0,-132
01.01.2021,06:00,24605.8,4233.74,1453.02,4990.33,854.61,6531.52,4004.25,0.38,33,1247.74,220.8,591.87,576.54,0,0,-132
01.01.2021,07:00,24894.95,4339.39,1581.99,4968.36,860.94,6780.6,3787.43,13.45,33.5,1253.78,223,602.53,570.42,0,0,-120.44
01.01.2021,08:00,24460.27,4147.79,1219.49,4966.5,850.25,6742.67,3949.16,66.69,33,1255.58,216.38,608.35,588.59,0,0,-184.18
01.01.2021,09:00,24600.19,4528.66,1200.57,4923.38,762.47,6570.11,3819.87,167.6,31.1,1252.31,220.79,604.85,594.71,0,0,-76.23
01.01.2021,10:00,25105.8,4826.29,1560.1,4902.71,785.32,6678.12,3265.61,233.26,33.5,1246.15,225.21,596.94,587.79,0,0,164.8
01.01.2021,11:00,26337.7,5255.85,2540.2,4875.13,931.4,6762.37,3086.05,259.24,31.2,1229.28,218.59,586.64,591.12,0,0,-29.37
01.01.2021,12:00,26397.64,5010.3,3021.33,4892.43,953.6,6868.36,2843.05,258.27,31.6,1221.13,223,576.51,591.2,0,0,-93.14
01.01.2021,13:00,27080.68,5489.99,3078.11,4869.67,957.8,7231,2719.18,230.41,33.9,1215.03,220.79,607.56,596.09,0,0,-168.85
01.01.2021,14:00,27754.15,6566.21,2848.43,4893.85,899.03,7256.48,2527.7,172.98,30.5,1209.45,218.59,611.79,588.34,0,0,-69.2
01.01.2021,15:00,28498.55,7574.38,2989.4,4911.54,965.7,7209.53,2111.38,124.41,30.3,1205.18,220.79,607.46,576.68,0,0,-28.2
01.01.2021,16:00,29810.93,8574.49,3212.66,4939.64,972.35,7835.63,1689.72,39.23,36.5,1215.27,223,616.79,586.13,0,0,-130.48
01.01.2021,17:00,31749.1,8582.4,5153.55,4995.93,1190.74,7923.63,1379.81,3.19,36.5,1225.91,220.79,630.82,585.68,0,0,-179.85
01.01.2021,18:00,33332.56,8928.95,6545.3,4836.75,1240.31,7918.4,1347.53,0,36.8,1233.19,220.8,624.24,588.72,0,0,-188.43
01.01.2021,19:00,33005.46,8912.15,6215.11,4916.02,1252.61,7909.62,1265.85,0,36.3,1237.17,220.8,625.95,581.21,0,0,-167.33
01.01.2021,20:00,32190.32,9068.42,5573.13,4808.25,1153.29,7795.01,1262.36,0,36.2,1238.56,223,620.18,563.34,0,0,-151.42
01.01.2021,21:00,31478.88,9164.25,4897.53,4755.74,1058.4,7772.89,1286.04,0,36.9,1244.27,223,637.67,561.4,0,0,-159.21
01.01.2021,22:00,31014.77,9240.85,4426.24,4765.78,1026.27,7785.29,1219.27,0,36.6,1243.95,220.8,651.68,567.91,0,0,-169.87
01.01.2021,23:00,30338.2,9189.95,3631.73,4852.7,964.3,7778.35,1201.6,0,37.2,1231.1,220.79,653.61,576.87,0,0,0
02.01.2021,00:00,28829.44,9134.54,2837.12,4896.34,632.55,7598.36,1133.4,0,36.8,1252.62,218.59,625.29,584.83,0,0,-121
02.01.2021,01:00,27466.19,9340.99,1538.89,4900.33,617.98,7475.15,1000.18,0,35.7,1252.6,223,633.56,589.81,0,0,-142
02.01.2021,02:00,26327.03,8369.67,1335.88,4952.64,567.63,7470.62,972.75,0,33.9,1254.84,223,615.97,583.13,0,0,-53
02.01.2021,03:00,25676.87,7800.28,1347.36,4996.47,532.27,7369.97,1006.12,0,33.4,1255.42,216.37,611.81,589.4,0,0,-82
02.01.2021,04:00,25218.03,7877.36,1209.42,5048.56,527.54,7039.78,912.19,0,33.7,1254.38,198.72,627.02,592.76,0,0,-103.4
02.01.2021,05:00,25238.7,8006.2,1255.61,4932.29,528.69,7079.36,792.83,0,32.9,1252.92,178.84,631.63,586.83,0,0,-39.4
02.01.2021,06:00,25472.21,8194.42,1300.93,4905.01,564.75,7104.34,779.09,0.6,33.2,1253.8,152.34,611.22,586.91,0,0,-14.4
02.01.2021,07:00,26065.32,8567.78,1363.91,4990.98,568.86,7234.95,825.12,11.05,37.4,1255.17,134.68,624.25,585.92,0,0,-134.75
02.01.2021,08:00,26760.69,8519.17,1900.3,5026.48,612.21,7251.75,947.45,46.93,36.4,1251.73,99.36,612.47,585.56,0,0,-129.12
02.01.2021,09:00,27564.13,8542.44,2603.43,4909.09,741.8,7257.47,980,115.31,36.5,1245.86,101.52,587.39,584.48,0,0,-141.16
02.01.2021,10:00,28190.53,8575.35,3363.55,4784.59,721.83,7256.88,909.57,198.62,35.8,1238.02,101.56,623.91,577.19,0,0,-196.34
02.01.2021,11:00,28895.9,8717.34,3890.13,4814.81,790.07,7286.33,767.92,234.04,36.9,1228.82,101.56,617.49,583.95,0,0,-173.46
02.01.2021,12:00,28513.3,8552.09,3820.22,4817.66,743.65,7261.28,729.66,239.11,37.3,1215.64,101.56,594.56,573.84,0,0,-173.27
02.01.2021,13:00,28941.42,8873.79,3917.51,4812.87,697.03,7445.74,665.35,228.69,37,1207.94,99.36,592.43,571.82,0,0,-208.11
02.01.2021,14:00,29539.38,8886.62,4323.46,4778.59,669.73,7729.54,646.22,205.11,36.9,1199.49,101.56,599.65,577.94,0,0,-215.43
02.01.2021,15:00,29858.36,8883.57,4728.06,4779.59,650.78,7739.35,651.04,142.98,36.8,1194.09,101.56,605.02,572.37,0,0,-226.85
02.01.2021,16:00,31081.1,9136.32,5637.36,4750.63,726.74,7820.51,670.21,51.36,36.7,1196.98,99.36,588.18,574.28,0,0,-207.53
02.01.2021,17:00,33111.09,9094.46,7643.6,4766.06,853.46,7694.53,770.86,3.94,37.2,1211.01,101.56,597.63,560.3,0,0,-223.52
02.01.2021,18:00,34966.87,9305.13,9196,4751.34,963.43,7489.32,872.07,0,36.2,1226.62,101.56,620.71,565.16,0,0,-160.67
02.01.2021,19:00,34417.71,9543.58,8332.53,4754.03,943.52,7499.25,953.14,0,36.9,1230.2,101.56,623.89,570.79,0,0,-171.68
02.01.2021,20:00,33405.65,9540.63,7221.12,4714.96,1007.06,7480.72,1078.72,0,37.3,1237.89,101.56,614.67,567.12,0,0,-196.1
02.01.2021,21:00,32601.69,9586.97,6478.03,4609.32,876.92,7493.15,1146.32,0,37.1,1246.32,99.36,620.88,561.34,0,0,-154.02
02.01.2021,22:00,32102.21,9651.07,5602.33,4644.27,747.87,7801.44,1260.42,0,37.3,1242.95,101.56,610.91,547.6,0,0,-145.51
02.01.2021,23:00,30929.55,9544.5,4440.54,4442.59,705.15,7937.87,1305.29,0,37,1228.83,130.26,602.78,554.74,0,0,0
03.01.2021,00:00,29554.36,9372.7,3101.5,4825,586.4,7897.16,1296.68,0,37.6,1251.47,161.18,633.08,560.59,0,0,-169
03.01.2021,01:00,27923.56,9229.01,1512.2,4796.75,526.56,7892.94,1322.23,0,37.9,1250.85,174.43,624.83,567.26,0,0,-11.4
03.01.2021,02:00,26819,8624.43,1004.93,4814.36,426.26,7888.53,1371.82,0,37.5,1256.58,181.04,647.27,565.68,0,0,0.6
03.01.2021,03:00,26037.72,8009.53,927.41,4822.34,434.6,7738.71,1437.68,0,36.3,1253.02,185.46,637.53,565.54,0,0,-10.4
03.01.2021,04:00,25687.63,7555.82,1078.42,4821.64,472.15,7531.48,1494.27,0,33.5,1255.22,196.5,604.86,571.17,0,0,72.6
03.01.2021,05:00,25576.93,7498.03,1117.71,4742.03,436.59,7424.39,1553.13,0,34.3,1251.93,205.34,601.31,576.57,0,0,135.6
03.01.2021,06:00,25814.91,7381.42,1077.66,4755.93,482.61,7443.51,1624.46,0.23,33.5,1253.83,218.58,611.16,570.42,0,0,361.6
03.01.2021,07:00,25977.15,7219.13,1161.03,4812.79,503.95,7446.98,1826.09,10.73,37.2,1252.33,223,606.31,567.7,0,0,309.91
03.01.2021,08:00,25618.72,6678.12,1191.22,4713.38,550.96,7481,2073.5,70.04,30.8,1254.78,220.8,630.04,563.6,0,0,160.48
03.01.2021,09:00,25640.41,6944.18,1362.97,4521.26,525.45,7585.41,1881.88,168.74,30.6,1244.29,220.79,609.5,570.04,0,0,-24.7
03.01.2021,10:00,26362.19,7414.51,1643.63,4510.6,571.04,7599.45,1848.33,229.38,30.5,1228.78,223,610.69,574.45,0,0,-122.17
03.01.2021,11:00,27355.37,7957.51,1952.02,4510.2,639.31,7755.85,1778.19,235.85,34.2,1222.62,223,610.78,582.7,0,0,-146.86
03.01.2021,12:00,27395.57,8261.19,1700.93,4570.68,577.29,7891.84,1672.38,251.06,36.8,1213.2,223,602.23,586.5,0,0,-191.53
03.01.2021,13:00,28146.15,9134.04,1739.74,4584.47,514.66,7927.4,1430.87,254.43,36.6,1221.81,223.12,625.92,595.46,0,0,-142.37
03.01.2021,14:00,28719.88,9458.98,2117.93,4614.78,627.36,7910.17,1276.71,173.69,36.8,1218.35,218.59,621.47,597.68,0,0,-152.63
03.01.2021,15:00,29398.74,9977.08,2337.56,4701.56,719.88,7929.92,1070.66,127.94,36.6,1211.53,223,632.95,582.42,0,0,-152.36
03.01.2021,16:00,30629.34,10401.89,3289.62,4698.5,727.62,7987.91,949.44,44.92,35.7,1209.6,218.59,638.59,584.38,0,0,-157.42
03.01.2021,17:00,32936.35,10547.79,5259.32,4768.38,880.98,8004.69,963.47,2.9,37.4,1218.49,223.12,630.22,568.86,0,0,-169.27
03.01.2021,18:00,34770.97,10794.58,6733.09,4724.64,1023.95,8039.81,934.12,0,36.7,1224.24,220.79,642.63,575.39,0,0,-178.97
03.01.2021,19:00,34472.74,10840.07,6372.84,4702.06,1092.08,8034.83,860.59,0,37.3,1214.37,220.79,653.62,586.25,0,0,-142.06
03.01.2021,20:00,33749.47,10651.56,5922.75,4772.32,1025.48,8003.32,830.2,0,37.5,1225.88,220.8,643.47,577.44,0,0,-161.25
03.01.2021,21:00,33028.98,10540.73,5490.93,4810.14,867.03,7993.86,806.05,0,37.3,1239.94,220.79,631.8,577.63,0,0,-187.22
03.01.2021,22:00,32481.77,10411.41,5045.16,4782.95,843.9,7972.89,887.03,0,36.9,1243.14,223,630.62,573.08,0,0,-168.31
03.01.2021,23:00,31659.55,10316,4129.93,4771.18,832.5,7963.41,964.48,0,36.9,1234.34,218.59,637.18,555.04,0,0,0
04.01.2021,00:00,29986.41,10320.87,2772.59,4763.87,657.8,7871.97,1068.16,0,36.9,1253.66,223,631.67,573.92,0,0,-188
04.01.2021,01:00,28628.83,10565.42,1301.7,4747.21,575,7877.47,974.29,0,33.4,1253.56,223,627.52,577.26,0,0,-127
04.01.2021,02:00,27523.93,9511.08,1365.32,4767.22,533.21,7740.21,952.9,0,33.8,1249.24,220.8,616.16,573.99,0,0,-40
04.01.2021,03:00,26744.52,8556.49,1345.23,4857.98,548.86,7657.43,965.21,0,33.8,1254.72,220.79,624.72,579.29,0,0,100
04.01.2021,04:00,26690.91,8415.16,1067.35,4968.6,492.55,7315.61,1164.52,0,33.8,1250.92,223,610.94,577.46,0,0,571
04.01.2021,05:00,27141.92,8457.77,1067.51,4985.92,482.21,7428.94,1395.81,0,37,1251.42,220.79,623.95,579.6,0,0,611
04.01.2021,06:00,27984.14,8895.7,1114.41,4995.06,479.75,7699.01,1612.08,0.47,36.6,1246.68,218.59,643.65,578.14,0,0,464
04.01.2021,07:00,30440.81,10517.59,1815.88,4980.26,512.02,7857.68,1968.1,13.68,36.5,1250.45,223,656.49,571.62,0,0,37.54
04.01.2021,08:00,34861.86,12232.35,4357.18,4744.71,604.78,7944.68,2308.09,63.58,36.9,1252.53,220.79,643.97,568.12,0,0,-115.82
04.01.2021,09:00,37339.8,12198.85,6279.52,4806.17,826.44,7931,2571.7,155.65,37,1246.85,218.59,637.54,573.95,0,0,-143.46
04.01.2021,10:00,37739.69,12083.38,6622.67,4824.62,907.55,7929.92,2614.5,231.84,37,1238.23,220.79,628.98,580.06,0,0,-179.85
04.01.2021,11:00,37586.47,12056.9,6048.99,4994.09,974.74,8065.36,2705.63,260.32,36.8,1224.93,220.79,594.33,579.01,0,0,-175.42
04.01.2021,12:00,35930.01,12020.22,4661.93,4937.57,932.17,8076.12,2740.62,250.34,37,1206.86,223,477.18,578.44,0,0,-211.44
04.01.2021,13:00,36530.8,12513.77,4674.01,5004.04,851.38,8114.3,2814.14,223.9,36.6,1195.57,218.59,483.26,578.02,0,0,-176.78
04.01.2021,14:00,37570.16,12536.59,5362.81,5128.69,903,8135.53,3017.75,178.87,37.4,1175.85,223,473.81,573.92,0,0,-177.06
04.01.2021,15:00,37387.7,12310.7,5142.47,5104.31,931.35,8267.32,3222.27,132.02,36.4,1156.93,218.59,473.41,575.08,0,0,-183.15
04.01.2021,16:00,38640.11,12158.61,6430.29,4909.97,924.63,8202.53,3635.66,55.13,36.4,1164.36,223,475.69,572.1,0,0,-148.26
04.01.2021,17:00,40329.58,12053.54,7779.06,4925.59,1012.08,8360.49,3876.13,4.32,36.4,1182.16,218.59,461.19,577.06,0,0,-157.03
04.01.2021,18:00,40440.79,12197.06,7233.84,4934.63,1040.26,8356.02,4367.34,0,36.8,1192.04,223,455.3,589.83,0,0,-185.33
04.01.2021,19:00,39334.4,12091.32,5839.63,4907.06,1046.2,8366.25,4779.9,0,36,1194.94,220.8,459.08,562.9,0,0,-169.68
04.01.2021,20:00,37998.97,11564.81,5208.11,4851.57,1023.57,7940.34,5124.22,0,36.2,1187.52,223,467.15,557.3,0,0,-184.82
04.01.2021,21:00,37119.71,11127.57,4280.92,4930.87,894.13,7897.22,5683.35,0,36.2,1175.9,220.79,459.7,566.13,0,0,-153.07
04.01.2021,22:00,36478.02,10567.78,3797.08,4940.97,797.56,7991.83,6079.93,0,36.5,1176.93,223,451.7,588.84,0,0,-174.1
04.01.2021,23:00,35399.89,9881.73,3273.91,4765.42,769.81,7872.3,6369.61,0,36.6,1172.31,223,456.26,578.94,0,0,0
05.01.2021,00:00,33369.65,9575.17,1641.3,4907.3,648.23,7961.01,6341.4,0,36.8,1175.98,218.59,481.09,579.87,0,0,-197.09
05.01.2021,01:00,31663.27,9073.27,1087.93,4914.45,579.77,7855.82,5866.87,0,32.9,1143.48,223,473.14,589.24,0,0,-176.6
05.01.2021,02:00,30408.06,7931.1,1279.04,4921.44,551.33,7856.97,5573.17,0,33.7,1146.4,220.79,475.79,583.43,0,0,-165.1
05.01.2021,03:00,29616.37,7124.69,1225.67,4917.29,589.94,7757.22,5549.89,0,33.6,1158.94,220.8,485.84,582.09,0,0,-29.6
05.01.2021,04:00,29323.29,7097.79,1133.21,4916.3,614.41,7552.32,5364.89,0,32.8,1160.51,220.79,495.32,575.55,0,0,159.4
05.01.2021,05:00,29653.69,7069.32,1102.66,4975.34,557.51,7884.47,5305.13,0,33.3,1193.37,223,485.61,552.58,0,0,271.4
05.01.2021,06:00,30239.51,7976.52,1127.89,4983.7,624.59,8031,5092.21,0.61,33.4,1184.64,220.8,438.25,558.93,0,0,-33.03
05.01.2021,07:00,32026.32,9618.61,1087.63,4966.89,631.36,8404.41,4930.18,12.9,36.9,1188.21,218.59,433.9,555.74,0,0,-59
05.01.2021,08:00,35684.52,11684.4,2566.73,4980.09,784.44,8490.01,4896.41,60.11,37.2,1195,223,416.12,547.41,0,0,-196.4
05.01.2021,09:00,38193.78,12491.8,4411.38,4968.46,883.51,8549.75,4516.66,136.47,36.6,1203.21,223,399.75,545.19,0,0,-172
05.01.2021,10:00,38948.88,12680.88,5144.57,4957.96,886.9,8530.76,4297.27,188.78,38.1,1195.98,223,415.75,546.93,0,0,-158
05.01.2021,11:00,38966.98,12626.98,5225.73,4925.65,882.59,8584.45,4291.4,189.62,37.7,1186.23,218.59,419.91,554.13,0,0,-176
05.01.2021,12:00,37624.27,11990.1,4451.82,4968.01,832.88,8577.12,4432.55,186.58,37.7,1178.03,223,423.52,557.96,0,0,-235
05.01.2021,13:00,38060.29,12473.59,4391.08,4982.53,782.69,8571.86,4424.32,175.85,37,1179.56,236.24,424.73,560.84,0,0,-180
05.01.2021,14:00,38814.61,12692.08,5218.95,5015.54,793.71,8586.3,4077.77,140.83,37.6,1172.06,253.91,417.63,573.23,0,0,-165
05.01.2021,15:00,38759.47,12495.1,5675.26,5003.81,860.67,8583.93,3746.07,94.2,37.4,1174.57,267.16,449.59,555.51,0,0,-183.8
05.01.2021,16:00,39327.33,12497.52,6659.19,4970.65,910.8,8585.52,3371.55,32.02,36.9,1169.53,287.03,458.6,558.71,0,0,-210.69
05.01.2021,17:00,40570.53,12521.61,7841.42,4935.98,1074.33,8595.39,3220.31,2.8,36.7,1185.75,295.87,446.26,570.83,0,0,-156.72
05.01.2021,18:00,40852.36,12609.61,7827.05,4927.9,1071.65,8612,3393.64,0,36.6,1212.26,304.69,453.97,577.32,0,0,-174.33
05.01.2021,19:00,39658.22,12638.06,6705.71,4905.89,981.52,8589.85,3381.17,0,37,1222.11,317.94,450.17,584.73,0,0,-155.93
05.01.2021,20:00,38250.57,12182.3,5630.1,4918.89,1019.74,8572.6,3466.21,0,36.3,1232.81,324.57,460.61,581.84,0,0,-175.4
05.01.2021,21:00,37431.95,12148.87,5218.77,4937.41,860.32,8562.17,3187.63,0,36.6,1236.74,344.44,461.38,583.38,0,0,-145.76
05.01.2021,22:00,36885.66,12574.47,4527.27,4949.76,918.64,8561.61,2865.44,0,36.8,1243.92,342.23,460.85,556.41,0,0,-151.74
05.01.2021,23:00,35576.12,12085.44,3830.81,4947.04,728.65,8597.62,2743.69,0,37,1238.87,342.23,471.89,552.88,0,0,0
06.01.2021,00:00,33453.39,11241.67,3045.45,4950.74,682.82,8506.53,2585.51,0,36.9,1256.17,340.03,455.9,548.72,0,0,-197.05
06.01.2021,01:00,31746.22,11092.45,1577.08,4896.08,693.23,8493.83,2516.16,0,36.6,1258.52,333.39,445.47,564.82,0,0,-161.41
06.01.2021,02:00,30680.32,10895.83,1181.6,4785.55,537.71,8396.5,2342.1,0,36.3,1237.43,249.49,469.92,572.82,0,0,-24.93
06.01.2021,03:00,29933.07,10554.57,1214,4801.81,513.94,8084.28,2258.99,0,36.2,1240.45,218.59,455.16,568.85,0,0,-13.77
06.01.2021,04:00,29751.41,10396.61,1079.23,4810.08,540.31,8072.39,2250.54,0,36,1235.89,223,470.39,570.27,0,0,66.7
06.01.2021,05:00,30096.43,10833.53,974.86,4803.29,505.58,8117.35,2139.72,0,32.4,1248.18,223,458.54,562.21,0,0,197.77
06.01.2021,06:00,30791.41,11516.03,1238,4799.92,540.66,8224.91,2039.84,0.28,35.6,1253.52,223,468.03,561.4,0,0,-109.78
06.01.2021,07:00,32561.1,12151.43,1977.93,4780.04,617.34,8554.44,2093.73,6.67,35.3,1255.22,223,468.18,556.82,0,0,-159
06.01.2021,08:00,36440.85,12665.92,4800.69,4758.72,769.6,8670.05,2326.61,43.52,35.7,1251.97,223,484.72,566.15,0,0,-155.8
06.01.2021,09:00,38768.76,12914.72,6584.37,4807.94,918.41,8674.24,2359.59,109.02,35.7,1251.04,225.21,479.82,566.9,0,0,-158.2
06.01.2021,10:00,39204.84,12897.4,6919.53,4755.73,886.58,8660.86,2328,162.62,36.4,1245.03,229.62,484.02,560.25,0,0,38.8
06.01.2021,11:00,39182.64,13088.24,7012.35,4827.38,851.07,8664.28,2193.07,195.05,35.9,1231.84,231.83,486.06,528.77,0,0,-163.2
06.01.2021,12:00,37426.06,13218.36,5490.04,4693.51,821.18,8605.22,2000.4,204.2,35.9,1221.96,231.83,495.98,551.28,0,0,-143.8
06.01.2021,13:00,37790.64,13333.14,5934.08,4618.69,840.79,8604.23,1920.37,188.6,36.4,1217.47,231.83,472.02,557.02,0,0,-164
06.01.2021,14:00,38375.25,12963.87,6677.18,4625.12,952.11,8589.32,2021.64,171.37,36.5,1208.81,231.83,480.88,561.32,0,0,-144.7
06.01.2021,15:00,38495.9,13101.73,6738.32,4621.78,921.11,8589.98,2045.53,111.55,35.7,1203.14,229.63,484.3,576.37,0,0,-163.24
06.01.2021,16:00,39415.35,13177.4,7478.75,4569.5,1097.98,8593.61,2115.36,36.87,35.2,1204.46,229.63,493.67,569.67,0,0,-186.75
06.01.2021,17:00,40757.08,13008.93,8666.23,4524.05,1167.48,8603.15,2467.57,3.97,36.6,1198.17,231.83,483.22,573.43,0,0,-207.55
06.01.2021,18:00,41116.38,13077.57,8350.69,4759.51,1123.3,8633.76,2813.35,0,36.4,1218.31,231.83,491.8,575.01,0,0,-195.15
06.01.2021,19:00,40120.7,13166.98,7133.18,4875.26,961.86,8625.6,2996.2,0,36.8,1230.23,227.42,474.9,575.99,0,0,-183.72
06.01.2021,20:00,38670.17,12745.55,5867.12,4884.24,933.69,8580.78,3257.54,0,36.9,1242.35,231.83,479.23,574.51,0,0,-163.57
06.01.2021,21:00,38059.76,12538.58,5376.13,4807.65,862.86,8596.3,3445.72,0,37.2,1249.62,229.36,469.51,573,0,0,-126.17
06.01.2021,22:00,37341.43,12672.88,4507.57,4799.35,845.51,8598.67,3508.8,0,36.2,1249.82,229.62,462.74,570.34,0,0,-140.07
06.01.2021,23:00,36120.73,11983.81,3989.2,4819.46,675.45,8561.59,3579.83,0,37,1219.76,231.84,455.29,567.5,0,0,0
07.01.2021,00:00,34007.14,11184.29,2824.13,4836.18,602.96,8501.31,3660.07,0,36.6,1259.17,234.04,474.41,558.43,0,0,-164.45
07.01.2021,01:00,32215.27,11042.11,1173.26,4805.51,608.14,8439.87,3748.88,0,36.1,1255.21,227.41,459.95,563.14,0,0,-144.31
07.01.2021,02:00,31056.85,10068.1,921.19,4819.38,483.58,7999.81,3928.96,0,36.7,1257.36,229.62,460.38,575.44,0,0,276.33
07.01.2021,03:00,30238.26,9182.18,883.65,4808.55,507.03,7691,4318.8,0,35.9,1255.76,231.83,471.64,579.03,0,0,272.89
07.01.2021,04:00,30144.13,8930.46,927.01,4828.2,499.19,7677.53,4338.3,0,33.1,1255.37,231.84,483.27,593.18,0,0,346.68
07.01.2021,05:00,30188.77,8763.29,974.82,4775.36,483.92,7639.92,4567.89,0,33.7,1244.16,229.62,493.39,593.3,0,0,389.4
07.01.2021,06:00,31065.38,9342.26,974.4,4657.33,512.34,7719.35,4928.2,0.18,36.4,1245.48,234.04,487.91,597.08,0,0,330.41
07.01.2021,07:00,32790.84,10891.25,1297.78,4652.23,575.08,8032.14,4760.04,8.45,36.8,1256.28,231.83,488.09,596.87,0,0,-36
07.01.2021,08:00,36630,11799.56,3827.38,4701.79,644.24,8435.37,4657.44,54.05,36.6,1260.17,229.63,498.2,573.57,0,0,-88
07.01.2021,09:00,38637.39,11713,5380.73,4723.45,790.7,8550,4862.83,154.98,37,1251.96,231.83,481.27,589.64,0,0,-130
07.01.2021,10:00,38754.52,11717.51,5361.78,4751.96,846.69,8529.32,4895.94,231.49,36.3,1239.68,231.83,440.18,596.84,0,0,-125
07.01.2021,11:00,38517.82,11919.5,4979.48,4779.11,881.56,8538.85,4801.15,260.31,37.5,1225.98,227.42,430.76,583.4,0,0,-147.2
07.01.2021,12:00,36789.2,11089.71,4117.76,4845.39,795.57,8469.89,4847.76,275.24,37.4,1235.12,229.63,424.7,574.83,0,0,-153.8
07.01.2021,13:00,37223.69,11653.08,4141.75,4852.12,744.89,8412.7,4776.65,265.1,37.1,1207.55,229.62,420.83,585.1,0,0,-102.8
07.01.2021,14:00,38027.01,12071.85,4441.59,4811.71,849.72,8555.37,4723.98,227.66,36.7,1218.74,231.83,404.83,575.83,0,0,-122.8
07.01.2021,15:00,38180.79,11845.19,4964.14,4806.87,871.08,8527.19,4637.41,149.09,37,1218.35,229.63,424.9,574.61,0,0,-104.67
07.01.2021,16:00,39373.51,12096.8,6092.08,4736.32,982.66,8630.12,4446.66,56.98,36.3,1219.96,229.62,411.04,569.71,0,0,-134.74
07.01.2021,17:00,41061.84,12175.28,7658.81,4740,1170.78,8654.23,4299,4.89,35.9,1223.93,231.83,408.86,570.96,0,0,-112.63
07.01.2021,18:00,41415.6,12237.42,7975.48,4757.11,1172.51,8671.51,4247.1,0,35.6,1228.57,231.83,403.47,567.81,0,0,-112.81
07.01.2021,19:00,40153.13,12177.82,6782.75,4717.79,1126.14,8662.14,4305.48,0,36,1240.16,231.83,422.08,574.36,0,0,-123.42
07.01.2021,20:00,38873.28,11847.61,5808.34,4782.89,1097,8669.23,4293.73,0,36.2,1235.5,233.97,422.43,567.04,0,0,-120.66
07.01.2021,21:00,37923.08,11900.88,5051.29,4824.19,1022.83,8667.25,4096.71,0,36.5,1236.03,229.63,398.85,557.97,0,0,-99.05
07.01.2021,22:00,37340.19,11840.9,4391.94,4891.69,932.34,8671.57,4265.95,0,36.3,1241.35,231.83,384.49,570.07,0,0,-118.24
07.01.2021,23:00,36337.43,11589.64,3589.77,4991.03,776.12,8631.14,4267.79,0,36.4,1240.3,229.63,394.79,590.82,0,0,0
08.01.2021,00:00,34027.62,10508.28,2421.44,5088.51,638.76,8621.29,4465.52,0,36.6,1254.49,231.83,372.24,567.66,0,0,-179
08.01.2021,01:00,32255.4,9839.36,1451.1,5126.86,626.89,8409.36,4513.86,0,34,1256.58,229.63,379.57,561.63,0,0,-173.44
08.01.2021,02:00,31049.11,8833.02,1123.42,5140.95,523.4,8413.74,4642.46,0,36.1,1257.46,231.83,412.79,568.95,0,0,-135.01
08.01.2021,03:00,30207.24,8275.06,1108.1,5137.58,484.76,8007.47,4755.62,0,33.9,1242.58,231.83,441,575.56,0,0,-86.22
08.01.2021,04:00,29980.68,7736.77,1108.25,5141.14,527.03,7825.06,5065.32,0,33.5,1234.06,229.62,419.5,594.01,0,0,66.42
08.01.2021,05:00,30252.02,7639.28,1106.75,5214.95,569.89,7804.28,5292.9,0,33.2,1170.37,231.83,425.9,602.11,0,0,160.56
08.01.2021,06:00,31004.34,8348.78,1129.08,5214.34,565.34,7871.24,5428.53,0.39,33.6,1150.1,229.63,423.54,601.85,0,0,7.92
08.01.2021,07:00,32873.61,9994.18,1266.34,5168.29,552.12,7993.85,5524.18,10.93,33.1,1173.46,231.83,444.69,596.64,0,0,-116
08.01.2021,08:00,36602.86,11376.38,3159.02,5136.04,674.45,8143,5658.98,49.83,36.2,1193.19,229.62,412.21,598.94,0,0,-65
08.01.2021,09:00,38728.87,11570.66,4488.03,5150.56,766.55,8570.99,5637.9,118.59,37.1,1216.51,231.83,415.81,600.54,0,0,-76.2
08.01.2021,10:00,39057.15,11718.2,4595.97,5117.71,826.79,8575.88,5630.62,185.73,37.5,1228.78,227.42,407.78,594.97,0,0,-90.2
08.01.2021,11:00,38828.98,11493.93,4410.06,5127.58,899.37,8502.39,5782.09,234.04,37.6,1186.45,231.83,416.21,593.83,0,0,-86.4
08.01.2021,12:00,36961.8,11306.39,2596.54,5127.73,849.67,8522.5,5908.24,240.75,38,1182.09,228.21,415.4,605.48,0,0,-59.2
08.01.2021,13:00,36296.24,11343.4,2071.3,5116.9,796.91,8513.83,5873.88,213.33,37.8,1182.62,229.62,401.84,610.01,0,0,-95.2
08.01.2021,14:00,37806.67,11682.88,3037.97,5151.78,859.41,8523.52,5999.3,170.06,37.3,1165.14,231.83,395.77,601.91,0,0,-50.2
08.01.2021,15:00,37933.31,11415.33,3509.17,5113.33,856.34,8512.67,6015.31,119.15,37,1162.99,234.04,422.61,607.83,0,0,-72.46
08.01.2021,16:00,38834.21,10687.73,5260.02,5044.59,953.56,7985.6,5858.72,55.65,36.5,1156.83,229.63,416.04,582.97,0,0,566.37
08.01.2021,17:00,40098.01,10528.65,6877.01,5041.06,1127.07,8144.15,5869.67,7,36.7,1159,231.83,462.73,595.13,0,0,18.01
08.01.2021,18:00,40438.61,10871.28,6543.22,4975.5,1223.94,8337.3,6061.62,0,37,1173.33,229.63,488.44,587.65,0,0,-90.3
08.01.2021,19:00,39423.68,11411.08,5113.66,4896.47,1149.21,8506.69,5955.67,0,37.3,1185.16,229.62,481.66,584.49,0,0,-127.33
08.01.2021,20:00,38310.34,11371.1,4004.25,4891.89,1097.25,8482.78,6021.64,0,36.8,1193.45,229.63,488.74,585.96,0,0,-93.15
08.01.2021,21:00,37531.96,11278.98,3341.79,4878.58,1005.65,8496.95,6080.96,0,36.5,1201.25,229.62,495.76,580.22,0,0,-94.3
08.01.2021,22:00,36786.33,11274.79,2694.82,4923.5,896.65,8499.57,6056.76,0,37,1212.82,231.83,477.23,573.43,0,0,-92.07
08.01.2021,23:00,35897.73,10987.5,2209.53,4920.71,772.71,8469.47,6029.88,0,36.8,1207.94,231.84,459.68,571.67,0,0,0
09.01.2021,00:00,34081.04,9441.01,2181.53,4918.52,568.09,8348.3,6147.86,0,36.3,1226.16,231.83,482.13,569.31,0,0,-70
09.01.2021,01:00,32441.42,8603.62,1448.29,4888.59,519.74,8394.9,6183.49,0,34.3,1227.61,227.42,484.37,571.36,0,0,-142.27
09.01.2021,02:00,31108.37,7389.33,1089.53,4806.63,464.5,8269.86,6254.31,0,36,1224.98,234.04,470,572.74,0,0,296.45
09.01.2021,03:00,30202.65,6575.12,1033.65,4811.95,479.5,8112.9,6274.25,0,34.2,1225.96,229.62,481.94,569.36,0,0,374.2
09.01.2021,04:00,29631.77,6122.41,1078.1,4817.04,532.21,8047.89,6038.4,0,33.3,1225.85,231.83,477.86,573.38,0,0,453.5
09.01.2021,05:00,29763.37,6368.2,1117.03,4807.5,502.98,7852.79,5997.69,0,32.2,1222.5,229.63,470.94,570.27,0,0,591.64
09.01.2021,06:00,29944.51,6672.67,1127.54,4798.58,460.24,7808.58,6026.45,0.17,32.6,1220.14,231.83,480.29,574.94,0,0,510.48
09.01.2021,07:00,30648.72,7067.13,1390.86,4983.35,465.99,7924.27,6106.96,6.68,32.2,1223.63,229.63,479.31,582.11,0,0,156.6
09.01.2021,08:00,31818.47,7957.13,1623.54,5031.67,540.98,7958.34,6282.42,50.93,34.3,1219.54,231.83,476.36,565.43,0,0,-154
09.01.2021,09:00,32793.65,8350.27,2084.68,4992.29,606.03,8102.25,6156.8,122.2,35.8,1211.79,229.63,475.91,562.4,0,0,-136.4
09.01.2021,10:00,33540.78,8673.92,2327.72,5054.88,724.15,8170.45,6066.94,199.47,36,1214.03,231.83,471.63,550.56,0,0,-180.8
09.01.2021,11:00,34294.21,8730.47,2847.26,5193.66,765.72,8127.89,6029.86,239.99,33.4,1209.63,227.42,471.63,568.08,0,0,-150.8
09.01.2021,12:00,33786.48,8709.84,2736.82,5239.84,674.5,8045.37,5773.39,243.48,34.5,1203.95,231.83,461.86,571.9,0,0,-140.8
09.01.2021,13:00,34505.6,9373.23,2711.55,5247.07,700.72,8246.72,5600.04,229.76,36.3,1205.4,231.83,469.42,586.76,0,0,-133.2
09.01.2021,14:00,35251.01,9864.16,3001.47,5279.59,759.81,8188.74,5584.11,204.21,33.1,1199,231.83,448.71,585.48,0,0,-129.2
09.01.2021,15:00,35436.75,10671.33,2771.94,5258.83,785.51,8153.67,5273.89,136.84,35.3,1196.13,229.63,462.15,586.19,0,0,-124.66
09.01.2021,16:00,36123.61,11006.81,3039.25,5299.99,850.88,8414.45,5097.69,43.67,36.6,1197.44,232.12,479.27,590.94,0,0,-165.5
09.01.2021,17:00,37517.76,10937.91,4920.06,5202.24,998.48,8270.45,4817.65,4.62,36.1,1201.69,229.63,478.31,594.59,0,0,-173.97
09.01.2021,18:00,38708.89,11416.32,5500.44,5171.29,975.13,8479.24,4792.67,0,36.2,1203.46,234.04,471.05,612.24,0,0,-183.19
09.01.2021,19:00,37841.77,11258.42,4825.26,5165.01,990.76,8455.71,4785.86,0,36.1,1202.52,229.63,481.88,600.28,0,0,-189.66
09.01.2021,20:00,36856.07,11240.95,4012.96,5160.48,1076.78,8193.09,4749.88,0,36.7,1210.31,231.83,488.42,598.47,0,0,-143.8
09.01.2021,21:00,36025.52,11427.25,3211.05,5124.67,984.87,8206.02,4640.52,0,36.4,1210.23,227.42,492.66,589.98,0,0,-125.55
09.01.2021,22:00,35416.19,11459.58,2472.56,5143.12,922.9,8323.38,4553.62,0,36.2,1200.47,229.62,486.87,590.07,0,0,-2.2
09.01.2021,23:00,34294.63,10744.08,1980.25,5105.71,833.98,8474.69,4607.94,0,36.8,1201.62,231.83,475.2,602.53,0,0,0
10.01.2021,00:00,32262.04,9606.12,1670.11,5093.77,634.39,8230.58,4654.63,0,35.8,1218.33,229.62,485.64,594.52,0,0,-191.47
10.01.2021,01:00,30686.28,8504.25,1682.78,4839.97,582.37,7834.01,4759.55,0,33.3,1220.75,229.62,466.81,595.14,0,0,-62.27
10.01.2021,02:00,29331.48,7425.77,1961.56,4827.26,574.71,7367.36,4801.25,0,33.4,1217.57,231.83,472.16,596.6,0,0,-177.99
10.01.2021,03:00,28356.53,6929.29,1674.46,4959.86,575.78,6961.81,4858.53,0,33.1,1218.48,229.63,471.18,598.52,0,0,-154.11
10.01.2021,04:00,28042.71,7063.61,1783.99,5003.55,592.9,6454.18,4667.24,0,33.5,1213.3,231.83,475.26,605.46,0,0,-82.11
10.01.2021,05:00,27909.99,7045,1976.38,4976.2,595.37,6575.68,4259.61,0,32.6,1218.13,234.04,467.98,607.57,0,0,-78.57
10.01.2021,06:00,27913.7,6980.81,2124.06,5004.4,635.79,6762.82,3912.98,0.28,32.7,1220.86,227.42,472.15,605.38,0,0,-65.95
10.01.2021,07:00,27895.99,6524.35,2351.03,5137.74,677.24,7013.53,3775.98,8.42,28.8,1225.74,234.04,494.38,605.14,0,0,-180.4
10.01.2021,08:00,27215.69,6645.05,2144.13,5088.98,640.5,6530.15,3745.37,46.54,31.7,1225.61,229.62,486.77,603.27,0,0,-202
10.01.2021,09:00,27888.72,6634.5,2185.78,5080.6,681,6899.07,3885.24,144.51,36.2,1223.96,229.62,476.61,609.63,0,0,-198
10.01.2021,10:00,28710.79,6899.74,2124.4,5092.34,724.26,7211.17,4042.81,225,35.6,1212.17,234.04,490.14,608.12,0,0,-189
10.01.2021,11:00,29458.09,7341.77,2522.07,5027.31,817.57,7262.75,3908.15,248.97,35.7,1194.82,231.83,492.14,589.21,0,0,-214.2
10.01.2021,12:00,29580.66,7948.66,2543.19,4904.98,747.11,7259.34,3588.33,255.01,35.9,1182.62,231.83,492.33,582.16,0,0,-190.8
10.01.2021,13:00,30430.8,9364.49,2628.39,4796.93,753.8,7243.16,3080.53,238.4,32.6,1174.97,234.04,483.23,570.06,0,0,-169.8
10.01.2021,14:00,31068.9,9689.25,3021,4797.17,764.66,7256.96,2995.79,183.37,32.6,1168.67,229.63,489.29,570.31,0,0,-129.8
10.01.2021,15:00,31270.34,9938.03,3285.17,4542.43,830.37,7268.67,2956.86,111.4,33,1165.66,229.63,494.57,580.62,0,0,-166.07
10.01.2021,16:00,32635.46,10342.58,3628.93,4980.76,931.71,7084.93,3264.09,50.46,36.5,1168.66,231.84,501.29,576.46,0,0,-162.75
10.01.2021,17:00,34578.58,10490.28,5482.92,4969.65,1059.67,6735.9,3511.06,4.61,36.6,1177.8,229.62,485.92,576.65,0,0,-182.1
10.01.2021,18:00,36111.7,10539.38,6533.92,5030.39,1111.88,6729.37,3833.76,0,36.8,1185.06,234.04,493.47,580.73,0,0,-197.1
10.01.2021,19:00,35686.78,10504.95,5937.36,5068.92,1075.11,6734.78,4030.6,0,36.9,1187.72,229.62,485.08,581.94,0,0,-186.2
10.01.2021,20:00,34917.54,10383.98,5031.72,5128.1,1053.73,6940.76,4062.63,0,37.3,1192.6,229.63,484.33,568.91,0,0,-196.15
10.01.2021,21:00,34118.83,10536.62,4098.55,5131.64,930.93,6977.95,4097.15,0,37.1,1195.82,229.63,485.92,569.86,0,0,-172.34
10.01.2021,22:00,33629.94,10535.65,3296.48,5009.94,858.89,7139.17,4440.18,0,37.7,1195.23,231.83,483.97,565.55,0,0,-164.65
10.01.2021,23:00,32880.9,10124.33,2432.16,5131.09,810.67,7224.87,4670.6,0,37.2,1175.93,229.63,484.23,560.19,0,0,0
11.01.2021,00:00,31301.3,9138.86,2043.6,5111.81,533.04,7116.89,5024.02,0,37.1,1189.87,231.83,506.94,543.49,0,0,-176.15
11.01.2021,01:00,29857.07,8741.19,1234.82,5000.38,482.03,6973.97,5090.76,0,34.1,1184.51,229.63,482.86,546.77,0,0,-143.95
11.01.2021,02:00,28714.9,7921.86,1031.76,5020.54,441.64,6740.78,4997.76,0,34.1,1182.34,231.83,479.38,568.78,0,0,64.13
11.01.2021,03:00,28009.02,6776.49,1568.24,5018.98,548.71,6518.45,4934.06,0,33.6,1182.25,232.12,481.48,577.08,0,0,137.56
11.01.2021,04:00,27743.08,6652.41,1383.95,5021.14,593.86,6398.26,4871.02,0,33.5,1179.64,247.57,485.57,577.68,0,0,298.48
11.01.2021,05:00,28075.71,6941.76,1231.56,4967.18,616.92,6331.85,4994.44,0,34,1189.85,271.58,479.26,580.83,0,0,436.48
11.01.2021,06:00,28980.67,7470.24,1602.08,4977.34,646.19,6495.74,5110.75,0.36,33.3,1191.2,302.77,478.16,575.14,0,0,97.4
11.01.2021,07:00,31379.4,9203.43,1802.53,5090.44,655.1,6980.84,5266.83,10.61,35.3,1192.62,317.95,486.83,579.92,0,0,-243
11.01.2021,08:00,35833.28,11104.18,3415.09,5189.51,791.15,7326.11,5442.8,45.02,36.7,1200.89,331.35,503.91,587.57,0,0,-141
11.01.2021,09:00,38580.86,11277.7,5864.99,5090.18,936.37,7342.5,5465.64,118.11,35.8,1190.34,335.6,503.77,586.26,0,0,-166.4
11.01.2021,10:00,39503.99,11189.42,6662.91,5010.53,1001.82,7358.38,5634.88,170.54,37.8,1171.29,344.43,483.91,580.48,0,0,-142.4
11.01.2021,11:00,39691.74,11642.27,6470.6,4995.55,975.61,7379.43,5575.91,179.96,37.3,1151.24,320.15,474.85,580.27,0,0,-91.4
11.01.2021,12:00,38292.85,11396.97,5297.43,5015.22,1026.01,7378.08,5616.54,163.46,36.6,1136.48,245.08,496.6,583.78,0,0,-99.4
11.01.2021,13:00,38872.17,11671.94,5678.3,5037.6,972.75,7375.86,5618.74,135.2,36.6,1127.13,229.63,487.9,579.92,0,0,-79.4
11.01.2021,14:00,39461.41,11487.78,6634.31,5015.79,977.4,7347.33,5533.06,100.12,38.3,1115.36,231.83,501.06,574.47,0,0,-95.4
11.01.2021,15:00,39425.49,11244.64,6909.94,4916.28,1161.77,7367.84,5457.42,54.82,37,1105.37,231.84,476.19,567.58,0,0,-105.2
11.01.2021,16:00,39857.76,11401.1,7183.28,5050.52,1173.87,7216.16,5474.8,17.56,38.1,1117.95,231.83,492.71,571.12,0,0,-111.24
11.01.2021,17:00,40831.96,11353.67,8375.03,5076.66,1221.82,7042.84,5418.49,2.39,38.3,1126.64,229.63,490.43,575.63,0,0,-119.57
11.01.2021,18:00,40947.9,11429.94,8432.73,5062.65,1279.26,7049.31,5306.51,0,37.9,1144.16,231.83,494.34,581.38,0,0,-102.11
11.01.2021,19:00,39777.17,11589.13,7484.3,4916.35,1280.81,7054.42,5053.56,0,37.4,1156.64,231.83,515.39,563.44,0,0,-106.1
11.01.2021,20:00,38319.17,11295.09,6366.2,4910.38,1317.77,7074.95,4952.24,0,36.9,1165.88,229.62,495.42,570.22,0,0,-95.5
11.01.2021,21:00,37592.8,11034.19,5563.52,4918.9,1307.12,7343.9,4974.07,0,37.2,1172.83,229.63,500.15,589.44,0,0,-78.15
11.01.2021,22:00,36886.56,11046.05,4776.11,4938.6,1177.33,7349.65,5144.37,0,37,1175.45,234.04,499.42,580.41,0,0,-71.87
11.01.2021,23:00,35770.22,10424.98,4032.34,4910.25,1127.47,7349.96,5401.61,0,36.7,1179.39,231.83,488.09,587.6,0,0,0
12.01.2021,00:00,33858.15,10279.43,2417.89,4933.44,1065.78,7325.43,5460.11,0,36.8,1189.97,230.28,484.56,593.26,0,0,-158.8
12.01.2021,01:00,32146.5,9740.92,1569.46,4868.53,1051.44,7187.46,5316.59,0,36.6,1194.57,231.83,487.1,593.12,0,0,-131.12
12.01.2021,02:00,30885.31,9529.16,955.31,4872.61,835.3,6673.39,5434.87,0,36.5,1196.29,229.63,449.13,591.25,0,0,81.87
12.01.2021,03:00,29948.04,8975.29,1023.84,4768.54,826.76,6179.21,5536.14,0,33.2,1190.92,231.83,441.56,596.25,0,0,144.5
12.01.2021,04:00,29767.66,8351.54,1211.57,4770.08,890.49,6188.49,5742.71,0,33.6,1197.17,231.83,440.8,600.07,0,0,109.31
12.01.2021,05:00,30001.97,8618.15,1029.42,4847.42,922.1,6176.02,5720.25,0,33.2,1192.81,229.63,459.84,589.18,0,0,183.95
12.01.2021,06:00,30729.73,9422.93,916,4676.56,1009.71,6384.95,5686.56,0.68,36,1191.36,231.83,484.37,597.46,0,0,91.32
12.01.2021,07:00,32391.65,9989.84,1819.83,4680.94,1038.51,6666.81,5813.26,8.03,36.1,1187.95,231.83,484.82,590.52,0,0,-156.79
12.01.2021,08:00,36105.71,11653.73,3310.82,4706.09,1151.9,6761.27,6093.67,46.07,36.4,1131.25,231.84,469.96,561.96,0,0,-49.25
12.01.2021,09:00,38272.8,11568.47,5203.72,4676.12,1276.51,6780.49,6305.02,135.31,36.6,1103.37,231.81,479.75,558.54,0,0,-82.91
12.01.2021,10:00,38612.67,11547.63,5404.33,4607.93,1374.13,6757.75,6425.26,189.31,36.6,1101.25,231.83,487.79,544.45,0,0,-95.59
12.01.2021,11:00,38730.67,11515.07,5394.27,4639.34,1414.43,6779.57,6494.72,197.35,36.6,1067.5,231.63,501.44,553.65,0,0,-94.9
12.01.2021,12:00,37481.3,11416.62,4252.38,4655.42,1278.06,6770.07,6677.07,199.12,36.7,1048.86,232.12,472.43,548.21,0,0,-105.76
12.01.2021,13:00,37979.81,11578.66,4697.64,4644.89,1268.48,6772.9,6548.37,203.5,35.8,1069.66,229.63,475.73,555.75,0,0,-101.2
12.01.2021,14:00,38682.7,11509.83,5400.45,4638.66,1305.18,6744.82,6601.88,147.59,36.9,1082.37,231.83,476.15,568.59,0,0,-61.55
12.01.2021,15:00,39032.16,11597.88,5524.25,4656.5,1320.81,6732.78,6770.1,69.82,37.2,1086.64,229.63,490.07,580.48,0,0,-64
12.01.2021,16:00,39484.75,11377.75,6470.43,4636.12,1370.81,6718.18,6549.65,22.9,37.1,1091.57,231.83,485.07,563.54,0,0,-70.2
12.01.2021,17:00,40585.04,11271.28,7715.31,4676.78,1468.57,6727.71,6416.24,2.37,37.1,1099.81,232.12,477.76,574.19,0,0,-114.2
12.01.2021,18:00,40562.95,11732.15,7495.13,4764.98,1455.31,6720.67,6029.15,0,37.7,1127.35,231.68,489.03,578,0,0,-98.2
12.01.2021,19:00,39347.41,11765.24,6305.87,4792.15,1539.39,6718.36,5847.99,0,36.6,1156.49,231.83,495.52,567.17,0,0,-109.2
12.01.2021,20:00,37853.42,11558.49,5104.06,4801.87,1436.85,6728.24,5853.89,0,37.1,1157.33,229.63,480.82,573.14,0,0,-108
12.01.2021,21:00,37209.35,11880.48,4633.36,4716.26,1374.28,6736.18,5481.28,0,36.5,1154.88,229.63,484.49,574.01,0,0,-92
12.01.2021,22:00,36402.66,11558.87,4302.65,4827.68,1309.56,6744.71,5274.76,0,36.9,1152.01,229.63,493.51,555.18,0,0,-82.8
12.01.2021,23:00,35258.45,11340.27,3900.71,4817.08,1251.03,6723.73,4769.97,0,36.8,1162.37,231.83,482.51,542.15,0,0,0
13.01.2021,00:00,33234.52,10989.12,2997.84,4805.99,1194.62,6750.6,4187.97,0,37.1,1173.98,229.63,453.29,566.65,0,0,-152.27
13.01.2021,01:00,31729.43,10470.77,2299.07,4712.17,1238.3,6650.38,3975.82,0,36.8,1189.57,231.83,451.21,584.13,0,0,-110.62
13.01.2021,02:00,30555.52,10101.71,1862.84,4711.65,1141.31,6427.14,3885.02,0,36.2,1212.04,231.83,490.28,586.82,0,0,-131.32
13.01.2021,03:00,29765.47,10161.31,1494.61,4729.77,1053.19,6350.53,3589.79,0,33.4,1208.56,229.63,497.58,583.67,0,0,-166.57
13.01.2021,04:00,29524.41,10419,1352.82,4746.3,1120.22,6342.02,3137.07,0,36,1221.02,229.62,490.76,575.97,0,0,-146.39
13.01.2021,05:00,29743.59,10339.81,1896.27,4717.73,1161.94,6375.54,2717.61,0,35.3,1228,229.63,502.76,581.52,0,0,-42.52
13.01.2021,06:00,30549.48,10953.19,1889.76,4743.82,1132.33,6491.16,2882.33,0.56,35.7,1224.62,231.83,501.1,562.95,0,0,-99.87
13.01.2021,07:00,32395.96,11838.01,2892.83,4720.55,1132.47,6628.55,2738.73,7.9,35.8,1230.48,231.83,505.19,581.93,0,0,-148.31
13.01.2021,08:00,36153.68,12031.67,6242.04,4696.69,1328.74,6765.13,2615.17,27.01,34.8,1230.23,229.56,497.16,575.82,0,0,-120.34
13.01.2021,09:00,39011.27,12447.41,8770.38,4700.3,1412.13,6652.22,2505.06,65.04,35.2,1228.76,227.42,511.58,560.75,0,0,-104.98
13.01.2021,10:00,40192.55,12754.44,9848.84,4751.57,1537.02,6437.39,2296.1,121.61,35.3,1229.34,231.83,499.58,553.74,0,0,-104.21
13.01.2021,11:00,40793.11,12773.32,10428.67,4900.3,1562.28,6478.22,2042.23,151.9,36.2,1212.22,231.83,496.73,563.44,0,0,-84.23
13.01.2021,12:00,39721.75,12636.18,9244.35,4921.33,1615.95,6588.2,2170.6,145.03,35.9,1198.87,231.83,495.87,553.8,0,0,-116.16
13.01.2021,13:00,40538.22,12709.44,9944.3,4918.79,1575.33,6762.9,2112.22,100.62,36,1200.42,230.08,493.39,561.37,0,0,-106.64
13.01.2021,14:00,41332.29,12686.37,10661.56,4981.98,1531.34,6749.15,2224.38,56.96,35.7,1208.17,232.28,501.07,559.31,0,0,-95.98
13.01.2021,15:00,41084.19,12534.88,10570.2,4949.97,1441.4,6749.64,2401.9,41.22,35,1211.26,231.83,509.16,567.53,0,0,-159.8
13.01.2021,16:00,41193.58,12267.64,10950.03,5026.68,1455.38,6762.75,2392.61,24.69,36.5,1214.26,231.83,495.17,568.04,0,0,-232
13.01.2021,17:00,41825.65,12516.73,11298.92,5075.3,1506.93,6765.04,2253.68,2.53,36.1,1222.79,229.62,510.21,578.8,0,0,-171
13.01.2021,18:00,41720.26,12334.62,11537.45,5090.47,1584.03,6757.49,1965.84,0,36.5,1226.34,229.62,491.49,591.01,0,0,-124.6
13.01.2021,19:00,40313.58,12023.4,10527.13,5157.64,1571.76,6759.15,1824.76,0,36.1,1239.94,231.84,495.74,568.32,0,0,-122.2
13.01.2021,20:00,38707.74,12366.95,9233.78,5130.47,1702.98,6418.92,1394.25,0,36.2,1249.6,234.04,491.03,581.72,0,0,-132.2
13.01.2021,21:00,37911.69,12272.38,8570.06,5050.58,1799.77,6392.17,1282.78,0,36.5,1255.53,229.63,505.06,604.43,0,0,-87.2
13.01.2021,22:00,37158.88,12445.03,7765.11,4980.22,1763.3,6396.4,1282.52,0,36.4,1259.83,231.83,510.99,593.05,0,0,-105.8
13.01.2021,23:00,35933.3,12528.78,6558.42,4949.67,1712.13,6392.71,1176.36,0,36.8,1251.22,229.63,504.49,593.09,0,0,0
14.01.2021,00:00,33760.03,11828.69,5101.8,4865.97,1741.96,6413.77,1379.18,0,36.6,1267.54,231.83,521.24,588.1,0,0,-216.65
14.01.2021,01:00,32038.67,11776.22,3502.48,4808.93,1631.1,6371.13,1473.72,0,36.9,1260.55,229.62,499.7,593.63,0,0,-145.31
14.01.2021,02:00,30877.03,11475.34,2383.41,4804.95,1504.76,6185.66,1580.46,0,36.2,1269.61,231.83,496.44,587.37,0,0,321
14.01.2021,03:00,29983.94,11285.44,1574.64,4873.79,1420.75,6144.49,1802.69,0,36.1,1268,229.63,491.27,588.14,0,0,269
14.01.2021,04:00,29897.33,11308.26,1357.6,4962.56,1359.23,6167.75,1861.43,0,36.1,1236.83,232.12,493.68,577.77,0,0,304
14.01.2021,05:00,30069.08,11207.12,1337.51,4972.16,1327.58,6174.61,2153.1,0,35.4,1259.47,229.63,496.84,577.79,0,0,297.87
14.01.2021,06:00,30842.86,11175.32,1895.7,4964.5,1336.81,6245.08,2359.8,0.4,35.2,1257.44,231.83,494.27,571.33,0,0,275.18
14.01.2021,07:00,32676.56,11082.71,3233.06,4966.07,1522.53,6298.54,2655.83,5.41,35.4,1265.94,229.63,496.4,570.7,0,0,314.34
14.01.2021,08:00,36912.25,12111.23,6006.36,4950.49,1573.47,6494.15,2860.82,27.41,36,1270.81,231.83,483.74,565.03,0,0,300.91
14.01.2021,09:00,39879,12626.91,8678.88,5000.65,1694.66,6752.23,2627.38,59.55,36.7,1275.61,231.83,465.81,559.07,0,0,-130.28
14.01.2021,10:00,41193.07,12849.28,10014.43,4949.82,1716.76,6749.25,2401.73,87.13,37.4,1262.99,231.83,442.92,560.89,0,0,-111.36
14.01.2021,11:00,41788.47,13188.32,10478.03,4928.67,1659.86,6763.8,2191.01,123.92,37.4,1254.52,231.83,444.07,561.82,0,0,-74.78
14.01.2021,12:00,40695.23,13204.41,9885.42,4973.6,1540.88,6766.27,1788.16,115.32,37.3,1237.69,231.83,477.46,558.34,0,0,-121.45
14.01.2021,13:00,41287.8,13436.62,10617.41,4956.6,1583.52,6769.98,1368.33,107.62,37.3,1236.5,227.42,481.14,557.12,0,0,-91.76
14.01.2021,14:00,41826.15,13318.32,11361.06,4952.25,1725.66,6786.76,1159.56,85.11,36.1,1244.63,231.83,504.33,549.75,0,0,-129.21
14.01.2021,15:00,41471.76,13093.23,11372.39,4966.88,1737.83,6798.14,1058.33,77.26,36,1231.62,231.83,497.28,560.77,0,0,-189.8
14.01.2021,16:00,41631.7,13002.04,11514.61,4945.36,1817.01,6796.68,1116.57,35.78,36.9,1239.01,231.83,495.35,566.36,0,0,-165.8
14.01.2021,17:00,42357.64,13178.63,12005.32,4931.54,1920.37,6773.22,1113.59,4.72,37.3,1258.64,231.83,485.6,569.68,0,0,-152.8
14.01.2021,18:00,42224.74,13065.41,11936.25,4964.43,1871.72,6789.33,1150.3,0,36.9,1268.01,231.83,502.68,569.48,0,0,-161.6
14.01.2021,19:00,41060.43,13345.85,10513.86,4959.48,1755.67,6780.52,1271.71,0,36.6,1271.1,227.41,502.6,580.83,0,0,-185.2
14.01.2021,20:00,39402.84,13280.53,8756.29,4973.09,1778.01,6761.53,1400.56,0,36.4,1273.49,231.83,513.03,574.28,0,0,-176.2
14.01.2021,21:00,38522.58,13343.37,7655.21,4977.4,1701.52,6768.85,1589.5,0,36,1276.09,231.83,506.65,563.36,0,0,-127.2
14.01.2021,22:00,37815.89,13508.37,6664.68,4938.88,1702.58,6751.32,1701.16,0,36,1272.6,231.83,502.35,560.32,0,0,-54.2
14.01.2021,23:00,36524.78,13435.32,5254.83,4886.05,1717.2,6749.72,1870.42,0,36.2,1285.91,234.04,508.16,546.93,0,0,0
15.01.2021,00:00,34486.29,12480.2,3586.88,4802.05,1967.35,6777.8,2231.52,0,36,1282.12,229.63,497.81,551.12,0,0,43.81
15.01.2021,01:00,32538.8,11871.36,2158.87,4785.44,1876.71,6780.16,2417.35,0,36.9,1282.47,229.62,493.69,564.08,0,0,42.15
15.01.2021,02:00,31178.46,10818.49,1927.69,4805.15,1709.83,6775.57,2683.75,0,36.1,1284.65,231.83,491.19,569.84,0,0,-155.63
15.01.2021,03:00,30432.76,10313,1516.57,4761.38,1582.2,6611,3163.94,0,33.4,1274.81,231.83,487.82,567.42,0,0,-110.61
15.01.2021,04:00,30108.14,10200.09,1500.7,4726.45,1555.01,6515.86,3155.1,0,33.8,1274.5,231.83,502.68,560,0,0,-147.88
15.01.2021,05:00,30510.63,10652.68,1570.58,4698.63,1569.75,6557.96,3024.11,0,33.5,1275.32,231.83,493.91,557.92,0,0,-155.56
15.01.2021,06:00,31280.22,11037.99,1775.24,4467.73,1543.32,6724.46,3273.35,0.06,36.7,1275.01,231.83,506.86,569.43,0,0,-161.76
15.01.2021,07:00,33114.5,11531.1,2534.81,4362.97,1595.17,6744.81,3909.72,4.63,37.2,1278.15,231.76,507.07,566.8,0,0,-189.69
15.01.2021,08:00,37074.03,12577.36,5093.3,4349.68,1686.88,6753.53,4108.6,34.58,35.8,1277.98,229.63,493.43,557.86,0,0,-124.6
15.01.2021,09:00,40109.63,13008.58,7422.12,4316.96,1906.25,6745.61,4150.24,103.41,36.9,1272.17,231.83,494.22,558.21,0,0,-136.87
15.01.2021,10:00,41305.47,13234.78,8487.41,4275.11,1991.51,6732.55,3904.49,196.84,36.6,1268.23,231.83,502.74,554.81,0,0,-111.43
15.01.2021,11:00,41690.06,13440.87,8780.58,4280.02,2041.35,6759.44,3697.34,234.07,37.3,1263.29,229.62,495.77,563.62,0,0,-133.21
15.01.2021,12:00,40164,13522.75,7303.07,4357.51,1941.47,6800.07,3550.89,236.07,35.3,1260.06,229.63,519.4,564.02,0,0,-156.24
15.01.2021,13:00,39644.88,13714.48,6988.94,4397.82,1893.2,6773.73,3174.74,234.94,35.2,1244.8,231.83,517.39,548.77,0,0,-110.96
15.01.2021,14:00,41024.31,13876.34,8708.49,4314.94,1864.08,6726.44,2896.81,155.98,35.2,1225.73,229.63,495.47,550.64,0,0,-55.44
15.01.2021,15:00,41121.23,13488.03,9442.68,4334.56,1818.04,6782.34,2743.18,94.28,34.2,1235.13,231.83,488.11,554.65,0,0,-125.8
15.01.2021,16:00,41374.24,13751.15,9541.09,4368.47,1839.09,6801.44,2622.7,27.94,35.4,1257.29,231.84,474.3,564.33,0,0,-140.8
15.01.2021,17:00,41902.5,13706.21,10189.38,4421.34,1930.99,6817.52,2417.71,3.73,34.5,1262.53,231.83,477.33,571.43,0,0,-162
15.01.2021,18:00,41808.21,13815.69,10270.64,4240.39,1921.31,6797.26,2299.08,0.01,35.6,1268.58,231.83,483.63,564.39,0,0,-120.2
15.01.2021,19:00,40479.29,13752.24,9456.31,4195.4,1794.38,6812.17,2019.31,0,35.2,1273.38,231.83,492.64,563.63,0,0,-147.2
15.01.2021,20:00,39104.63,13592.44,8330.19,4212.68,1804.97,6771.04,1903.37,0,36.4,1274.03,231.83,490.99,564.89,0,0,-108.2
15.01.2021,21:00,38191.99,13604.06,7468.34,4224.6,1796.67,6784.79,1822.07,0,35.1,1274.34,231.84,497.24,554.14,0,0,-101.2
15.01.2021,22:00,37508.49,13562.99,6914.32,4244.15,1733.72,6782.57,1777.62,0,36.1,1275.52,231.83,483.63,548.84,0,0,-82.8
15.01.2021,23:00,36457.7,13522.59,6097.36,4177.99,1705.79,6705.39,1668.73,0,35.7,1270.39,231.83,488.58,553.35,0,0,0
16.01.2021,00:00,34419.87,12603.75,5440.43,4170.36,1513.22,6674.25,1637.09,0,35.8,1276.67,231.83,477.63,550.27,0,0,-191.43
16.01.2021,01:00,32686.92,12290.7,3912.24,4232.11,1463.07,6650.84,1712.18,0,35.2,1284.24,229.62,484.6,552.83,0,0,-160.71
16.01.2021,02:00,31306.32,12271.17,2348.83,4330.27,1491.44,6709.92,1753.98,0,34.6,1286.97,229.63,483.03,562.43,0,0,-195.95
16.01.2021,03:00,30518.47,12383.81,1587.05,4353.06,1407.17,6737.72,1609.96,0,35.2,1288.09,231.83,486.61,571.5,0,0,-173.53
16.01.2021,04:00,30082.12,12120.74,1497.33,4414.54,1311.35,6734.57,1623.3,0,34.9,1280.14,231.83,470.52,554.3,0,0,-191.4
16.01.2021,05:00,30029.88,11965.16,1484.88,4346.1,1292.6,6735.46,1791.9,0,35,1280.75,227.42,468.1,566.02,0,0,-163.51
16.01.2021,06:00,30260.05,12212.87,1445.96,4310.16,1304.78,6729.92,1809.35,0.66,34.9,1283.8,234.04,480.34,567.8,0,0,-154.53
16.01.2021,07:00,30992.87,12306.96,2038.67,4242.2,1381.36,6792.55,1790.33,6.36,35.4,1279.74,231.83,484.75,569.58,0,0,-166.86
16.01.2021,08:00,32366.61,12278.35,3213.88,4353.43,1494.44,6809.59,1799.32,33.91,35.8,1277.98,229.63,481.56,573.35,0,0,-214.63
16.01.2021,09:00,33964.06,12124.81,4634.28,4302.58,1594.34,6791.89,2026.72,72.24,35.6,1275.66,229.62,480.83,578.4,0,0,-182.91
16.01.2021,10:00,35554.21,12304.74,5651.88,4289.14,1668.54,6697.66,2413.77,98.03,35.7,1267.28,231.83,487.94,574.52,0,0,-166.82
16.01.2021,11:00,36753.81,12339.22,6444.19,4328.55,1650.7,6665.88,2779.58,120.51,35.6,1263.43,231.83,479.05,582.92,0,0,-167.65
16.01.2021,12:00,36658,12247.2,5828.01,4356.57,1596.77,6771.09,3302.42,130.09,35,1252.86,231.56,474.13,576.02,0,0,-143.72
16.01.2021,13:00,37410.31,12071.98,6189.12,4299.72,1569.98,6787.66,3968.75,116.95,35.4,1258.83,229.63,477.15,581.34,0,0,-176.2
16.01.2021,14:00,37828.75,12529.37,6316.16,4187.31,1575.44,6770.56,4023.03,95.66,35.6,1263.61,231.83,368.69,569.48,0,0,-137.99
16.01.2021,15:00,37681.15,12472.98,6375.06,4250.32,1660.77,6639.36,3904.82,65.96,35.6,1261.65,231.84,396.63,571.16,0,0,-185
16.01.2021,16:00,37917.98,12710.02,6189.14,4185.37,1756.34,6596.19,4086.38,26.22,35.2,1260.11,231.83,420.46,568.72,0,0,-148
16.01.2021,17:00,38518.09,12469.96,6749.63,4165.7,1927.92,6582.03,4315.23,7.51,35.1,1264.33,229.62,351.22,577.84,0,0,-158
16.01.2021,18:00,39232.93,12292.65,7087.92,4152.3,1912.61,6585.29,4806.28,0.03,35.1,1272.92,231.83,441.42,581.58,0,0,-167
16.01.2021,19:00,38526.87,12340.04,6213.2,4087.86,1755.12,6592.55,5096.92,0,35.3,1274.13,231.84,483.71,592.2,0,0,-176
16.01.2021,20:00,37428.06,12375.35,4866.41,4115.07,1758.85,6498.74,5383.97,0,35.3,1256.1,231.83,485.78,578.66,0,0,-158
16.01.2021,21:00,36742.32,12506.39,3922.81,4023.63,1697.45,6544.83,5623.18,0,35,1261.03,231.83,478.12,581.05,0,0,-163
16.01.2021,22:00,35996.64,11873.32,3672.55,4035.81,1630.77,6537.08,5834.91,0,35.6,1259.29,231.83,480,575.48,0,0,-170
16.01.2021,23:00,34883.33,11164.2,3242.99,4010.52,1569.59,6541.08,5789.72,0,35.5,1260.44,229.63,466.86,572.8,0,0,0
17.01.2021,00:00,33102.24,10499.65,2007.95,4102.59,1691.91,6435.15,5964.06,0,35.1,1275.78,231.83,470.63,557.11,0,0,-169.52
17.01.2021,01:00,31243.91,8994.99,1703.51,4004.39,1659.9,6609.27,5850.95,0,35,1264.36,231.83,484.76,557.25,0,0,-152.3
17.01.2021,02:00,29760.48,7995.08,1869.89,3972.74,1473.6,6253.17,5674.41,0,34.9,1266.14,229.6,490.54,553.92,0,0,-53.51
17.01.2021,03:00,28863.15,7163.68,1934.49,3826.46,1592.59,6361.36,5527.93,0,35.1,1263.21,229.62,488.57,556.86,0,0,-116.72
17.01.2021,04:00,28419.43,6913.98,1935.4,3768.03,1559.08,6408.11,5304.4,0,35.1,1264.85,229.63,487.09,556.77,0,0,-43.01
17.01.2021,05:00,28258.1,6942.25,1959.57,3801.1,1618.1,6401.45,4956.73,0,34.5,1266.68,231.83,497.16,561.47,0,0,-12.74
17.01.2021,06:00,28166.28,7097.94,2137.28,3902.35,1592.91,6391.45,4575.17,0.81,34.6,1265.71,229.63,497.37,557.64,0,0,-116.58
17.01.2021,07:00,27890.82,7471.01,2030.17,4144.38,1496.82,5971.78,4416.18,12.5,32,1267.81,229.63,490.83,521.55,0,0,-193.84
17.01.2021,08:00,27132.93,7537.49,1628.93,4117.75,1488.09,5710.05,4208.02,38.49,29.8,1279.76,229.62,486.82,540.64,0,0,-162.53
17.01.2021,09:00,28279.16,8118.96,2057.96,4195.27,1569.34,5863.6,3940.41,103.85,33.6,1286.27,227.42,475.81,546.43,0,0,-139.76
17.01.2021,10:00,29950.92,9004.8,2363.91,4147.94,1658.8,6389.95,3850.98,118.13,34.9,1283.71,231.83,462.76,555.28,0,0,-152.07
17.01.2021,11:00,31475.26,10227.71,2652.49,4108.69,1754.51,6437.41,3716.61,133.11,35.4,1284.16,231.83,463.39,561.25,0,0,-131.3
17.01.2021,12:00,31945.37,11226.36,2923.77,4071.81,1760.01,5909.33,3492.96,131.18,34.3,1278.71,234.04,468.59,558.32,0,0,-144.01
17.01.2021,13:00,32653.5,11854.21,3182.68,4123.05,1745.4,5942.62,3280.48,105.23,34.7,1272.19,231.83,468.75,555.52,0,0,-143.16
17.01.2021,14:00,32787.56,11901.32,3459.76,4062.77,1777.27,5951.78,3183.96,80.38,34.9,1267.1,234.04,464.33,548.34,0,0,-178.39
17.01.2021,15:00,32974.47,12081.65,3643.18,4032.37,1818.16,5938.24,3031.42,63.27,34.7,1264.67,231.83,463.4,542.58,0,0,-171
17.01.2021,16:00,33674.15,12306.8,3936.99,4166.6,1925.02,5994.72,2972.81,31.22,35.3,1272.29,229.63,463.55,552.22,0,0,-213
17.01.2021,17:00,34775.26,12378.68,5342.49,4159.53,1952.76,5911.4,2698.45,4.93,35.4,1279.47,229.62,460.38,558.15,0,0,-236
17.01.2021,18:00,36565.42,12832.9,6765.39,4170.04,1960.83,5999.45,2466.96,0.03,35.4,1277.06,231.83,466.95,559.58,0,0,-201
17.01.2021,19:00,36192.17,12621.55,6442.11,4194.03,1966.01,6397.95,2460.83,0,35.4,1287.65,231.83,470.92,567.89,0,0,-484
17.01.2021,20:00,35576.43,12267.85,5823.7,4180.44,1906.04,6522.7,2487.95,0,35.4,1286.32,229.62,471.35,567.06,0,0,-202
17.01.2021,21:00,34864.42,12396.86,5020,4172.56,1828.34,6501.28,2532.41,0,36.1,1278.64,234.04,473.71,569.48,0,0,-179
17.01.2021,22:00,34436.12,12619.91,4363.28,4148.04,1825.08,6524.51,2553.97,0,35.8,1277.34,229.62,481.01,558.56,0,0,-181
17.01.2021,23:00,33629.31,12529.18,3558.69,4169.08,1714.2,6527.6,2544.38,0,35.8,1283.3,229.63,474.38,563.07,0,0,0
18.01.2021,00:00,31639.58,11638.63,2526.7,4081.21,1761.82,6707.49,2480.34,0,34.6,1293.89,231.83,483.77,536.09,0,0,-136.79
18.01.2021,01:00,30058.62,11112.57,1547.75,4119.14,1712.68,6709.33,2411.69,0,32.1,1298.44,231.83,475.68,542.49,0,0,-135.08
18.01.2021,02:00,28703.43,10299.41,1437.04,4144.65,1577.5,6503.91,2297.68,0,32.2,1286.64,225.21,483.99,546.35,0,0,-131.15
18.01.2021,03:00,27884,9984.69,1257.57,4133.69,1442.59,6233.99,2397.77,0,32.1,1281.81,236.24,482.81,538.34,0,0,-137.6
18.01.2021,04:00,27852.2,10078.3,1113.53,4137.12,1451.04,6240.8,2373.04,0,32,1283.77,273.78,483.35,536.4,0,0,-150.93
18.01.2021,05:00,28190.57,10022.16,1137.71,4240.69,1429.05,6310.18,2577.17,0,32.3,1284.72,293.62,479.01,530.84,0,0,-146.88
18.01.2021,06:00,29064.61,10389.34,984.44,4281.05,1402.19,6627.18,2874.76,0.3,35.2,1283.19,302.49,484.34,527.64,0,0,-127.51
18.01.2021,07:00,31512.37,11529.81,2007.77,4292.75,1459.5,6859.85,2858.55,5.88,35.7,1279.65,322.36,488.26,534.8,0,0,-162.51
18.01.2021,08:00,36643.15,12477.41,5712.41,4292.43,1613.76,7092.68,2869.17,39.67,36.5,1261.19,326.78,481.42,538.79,0,0,-99.06
18.01.2021,09:00,40509.7,13053.17,9111.89,4198.75,1825.11,7200.85,2503.3,109.05,37.6,1248.18,324.56,471.07,523.95,0,0,-97.78
18.01.2021,10:00,42147.65,13730.52,10111.47,4205.85,1953.21,7288.46,2219.51,166.71,31,1244.8,326.77,470.52,506.97,0,0,-108.14
18.01.2021,11:00,43032.32,14424.96,10291.13,4174.23,2063.46,7333.52,2047.68,191.19,31.1,1254.79,342.23,456.1,518.17,0,0,-96.24
18.01.2021,12:00,41911.52,14425.53,9519.49,3941.14,2033.68,7344.17,1909.66,156.04,31,1273.04,355.48,458.62,547.42,0,0,-83.75
18.01.2021,13:00,42360.66,14400.82,9974.15,3956.53,2154.21,7326.93,1928.42,98.16,31,1262.95,351.06,451.83,537.97,0,0,-113.37
18.01.2021,14:00,42898.45,14078.59,10408.57,4076.2,2105.29,7301.85,2362.48,91.62,31,1253.82,353.27,444.17,533.39,0,0,-141.8
18.01.2021,15:00,42864.88,14071.22,10354.18,4102.18,2049.45,7287.5,2402.9,52.81,31.1,1261.9,353.27,464.43,543.54,0,0,-109.6
18.01.2021,16:00,43339.75,14076.67,10591.51,4341.75,2041.92,7368.23,2391.34,29.8,31.9,1269.71,328.97,462.1,533.45,0,0,-127.6
18.01.2021,17:00,43724.22,14138.64,11123.24,4224.35,2068.75,7405,2356.8,4.83,31.7,1271.06,245.08,456.02,541.35,0,0,-142.6
18.01.2021,18:00,43597.54,14336.67,10758.91,4224.8,2000.83,7409.01,2437.23,0,31.9,1274.96,231.83,459.5,553.5,0,0,-121.6
18.01.2021,19:00,42190.45,14306.64,9511.33,4205.09,1889.73,7383.3,2453.56,0,31.8,1284.23,231.84,471.66,559.87,0,0,-138.6
18.01.2021,20:00,40590.16,14252.01,8037.04,4265.35,1870.28,7227.87,2485.64,0,32.4,1290.2,231.83,478.12,557.02,0,0,-137.6
18.01.2021,21:00,39532.27,14378.14,7031.62,4241.94,1863.07,7215.07,2320.16,0,32,1290.85,234.04,464.32,571.66,0,0,-110.6
18.01.2021,22:00,38662.2,14329.58,6408.78,4245.15,1844.03,7223.35,2174.83,0,31.9,1290.94,231.83,471.35,565.46,0,0,-155
18.01.2021,23:00,37645.15,14547.51,5397.17,4224.81,1831.89,7025.29,2030.23,0,32,1286.53,231.83,475.09,562.8,0,0,0
19.01.2021,00:00,35049.21,13853.42,4069.57,4137.87,1623.77,7035.21,1951.74,0,28.7,1297.66,229.63,472.04,556.72,0,0,-207.12
19.01.2021,01:00,33224.99,13972.39,2186.61,4056.77,1474.21,7168.4,1953.67,0,28.5,1276.13,229.62,462.41,553.76,0,0,-137.48
19.01.2021,02:00,31709.18,13031.98,1440.51,4033.37,1337.1,7225.89,2231.91,0,29,1278.7,229.62,446.85,563.4,0,0,-139.15
19.01.2021,03:00,31086.62,12288.85,1308.83,4047.04,1261.67,7212.05,2552.04,0,28.9,1288.44,231.83,462.32,559.39,0,0,-154.74
19.01.2021,04:00,30763.97,12060.85,1002.19,4076.8,1165.59,7207.62,2839.78,0,28.4,1286.94,231.83,465.34,558.46,0,0,-159.83
19.01.2021,05:00,30856.43,11770.35,888.45,4199.12,1294.83,7187.84,3076.49,0,29,1285.89,231.83,474.87,558.84,0,0,-141.08
19.01.2021,06:00,31803.59,11851.03,1223.53,4265.11,1385.19,7401.33,3224.13,0.03,28.9,1288.22,229.63,473.86,547.14,0,0,-114.51
19.01.2021,07:00,33651.3,12437.36,2441.31,4268.69,1363.87,7464.46,3332,3.6,28.7,1275.25,234.04,454.82,548.03,0,0,-200.83
19.01.2021,08:00,37981.03,13111.71,5893.86,4275.75,1499.02,7593.71,3218.67,26.18,28.8,1260.24,231.83,445.49,554.96,0,0,-159.19
19.01.2021,09:00,41329.26,13674.65,8957.79,4198.86,1677.97,7555.7,2804.04,88.86,28.9,1250.49,234.04,440.67,555,0,0,-137.71
19.01.2021,10:00,42611.34,13829.57,10352.69,4144.67,1756.56,7596.92,2398.48,163.02,29.3,1258.09,234.04,408.44,560.79,0,0,-121.23
19.01.2021,11:00,42842.89,13585.75,10855.92,4216.5,1809.29,7646.03,2148,203.07,29.3,1263.14,234.04,407.19,558.92,0,0,-114.26
19.01.2021,12:00,41370.11,13716.85,9681.54,4191.22,1721.37,7699.64,1833,210.37,29.1,1263.21,231.83,411.07,522.33,0,0,-141.42
19.01.2021,13:00,41598.25,13981.54,9869.21,4130.09,1691.86,7744.99,1593.87,212.87,29.3,1268.63,231.83,420.21,541.15,0,0,-117.3
19.01.2021,14:00,42149.18,13954.72,10677,4036.99,1744.62,7676.11,1497.16,196.44,28.9,1266.46,231.83,441.03,549.78,0,0,-151.86
19.01.2021,15:00,42041.42,14429.31,9990.69,3989.99,1752.15,7690.03,1636.02,165.27,28.7,1261.7,231.83,434.3,549.78,0,0,-118.35
19.01.2021,16:00,42580.09,14741.12,10230.12,3976.72,1706.36,7784.68,1610.32,99.13,28.8,1265.15,227.42,433.39,559.31,0,0,-82.43
19.01.2021,17:00,43646.5,14939.54,11062.89,3980.69,1770.94,7836.57,1607.91,14.88,29,1268.52,225.21,442.66,553.65,0,0,-85.96
19.01.2021,18:00,43938.52,14817.28,11353.15,4014.14,1729.62,7845.51,1742.01,0.05,28.9,1274.97,231.83,454.68,555.33,0,0,-108.95
19.01.2021,19:00,42616.9,14736.17,10233.84,4012.14,1667.74,7842.57,1918.07,0,29,1279.24,234.04,451.27,556.3,0,0,-343.48
19.01.2021,20:00,41202.37,14430.23,9090.33,4008.48,1622.16,7749.23,2030.47,0,29.7,1283.29,231.83,450.21,552.01,0,0,-275.57
19.01.2021,21:00,40131.07,14494.19,7861.18,4009.16,1644.46,7740.7,2178.34,0,29.2,1289.88,231.83,435.8,545.72,0,0,-329.39
19.01.2021,22:00,39396.26,14474.59,6874.98,4029.64,1618.7,7755.91,2264.05,0,29.4,1293.69,229.63,425.99,541.61,0,0,-141.93
19.01.2021,23:00,38187,14488.1,5528.72,4026.98,1566.92,7760.27,2291.34,0,29.2,1283.1,231.83,438.09,542.45,0,0,0
20.01.2021,00:00,35743.56,12889.27,5211.8,4021.46,1214.88,7773.42,2219.79,0,28.6,1288.38,231.84,427.55,532.92,0,0,-96.35
20.01.2021,01:00,33613.23,12254.61,3949.06,4024.92,1117.62,7761.43,2131.02,0,28.6,1293.04,231.83,416.83,534.26,0,0,-129.99
20.01.2021,02:00,32228.25,12119.67,2840.66,4000.27,1064.99,7633,2201.08,0,28.8,1292.47,234.04,432.52,530.01,0,0,-149.26
20.01.2021,03:00,31502.17,12147.42,2117.15,4011.52,1025.79,7595.98,2231.42,0,29.3,1298.85,231.83,433.22,543.99,0,0,-164.3
20.01.2021,04:00,31280.85,12017.4,2008.34,4013.68,994.54,7596.29,2287.28,0,29,1292.27,229.73,431.57,540.31,0,0,-159.56
20.01.2021,05:00,31455.46,12075.6,2149.85,4026.89,1014.74,7612.09,2200.78,0,29,1291.29,234.04,422.14,543.99,0,0,-144.95
20.01.2021,06:00,32356.39,12452.13,2771.79,4083.7,1011.75,7588.08,2088.24,0,28.6,1289.29,232.12,422.31,547.38,0,0,-159
20.01.2021,07:00,34372.23,12991.38,4179.08,4124.03,1099.75,7406.35,2211.68,4.77,28.5,1294.13,231.83,412.86,538.64,0,0,-150.77
20.01.2021,08:00,38716.9,13757.88,7778.35,4080.56,1236,7104.09,2310.44,45.02,29.5,1283.92,231.84,417.07,544.22,0,0,-101.99
20.01.2021,09:00,41761.8,13753.74,10710.27,4087.35,1402.62,7039.85,2263.46,148.38,29.1,1269.5,231.83,432.33,535.49,0,0,-142.12
20.01.2021,10:00,42452.12,13443.17,11738.88,4055.8,1553.92,6839,2282.63,235.09,29.1,1248.8,231.83,426.21,501.23,0,0,-133.54
20.01.2021,11:00,42512.12,13443.24,11877.15,4058.16,1553.04,6728.92,2323.41,258.72,29.1,1224.89,231.83,421.97,511.73,0,0,-150.04
20.01.2021,12:00,41233.05,13597.95,10613.33,4016.09,1453.75,6752.25,2222.64,268.94,29.8,1235.97,229.62,422.99,521.23,0,0,-131.51
20.01.2021,13:00,41412.44,13756.12,10690.62,3985.07,1375.47,6766.14,2213.99,261.3,29.6,1254.49,231.83,424.22,524.94,0,0,-101.35
20.01.2021,14:00,41850.66,13786.55,11075.14,3941.64,1386.95,6754.89,2266.42,253.37,29.1,1256.64,229.62,411.17,540.13,0,0,-80.96
20.01.2021,15:00,41941.76,13635.49,11362.45,3974.9,1349.81,6755.28,2315.37,191.44,29.3,1251,229.62,414.15,542.99,0,0,-110.04
20.01.2021,16:00,42682.92,13408.67,12043.49,4017.57,1416.07,6889.37,2398.26,115.04,29.3,1255.88,229.62,455.31,550.01,0,0,-125.67
20.01.2021,17:00,43901.56,13739.59,12921.92,4036.96,1462.21,6810.56,2535.24,19.27,29.2,1257.25,225.21,433.34,548.49,0,0,-117.68
20.01.2021,18:00,44245.58,13857.33,12907.96,4056.35,1508.75,6826.02,2688.56,0.07,29.2,1268.58,229.62,449.25,543.65,0,0,-119.76
20.01.2021,19:00,42834.97,13421.87,11814.81,4052,1500.78,6814.13,2843.32,0,29.2,1269.65,231.83,460.91,544.81,0,0,-148.34
20.01.2021,20:00,41173.52,13670.37,9779.51,4053.36,1475.69,6839.58,2950.03,0,29.9,1276.77,234.04,455.08,562.03,0,0,-152.84
20.01.2021,21:00,40179.75,14032.78,8378,3999.14,1463.54,6927.69,2972.69,0,29.9,1255.6,234.04,443.4,559.57,0,0,-116.6
20.01.2021,22:00,39384.79,14155.91,7530.57,3824.6,1376.2,6953.45,3097.67,0,30.2,1275.65,234.04,437.88,559.26,0,0,-90.64
20.01.2021,23:00,38027.56,13947.02,6236.02,3790.73,1338.93,6998.17,3206.15,0,30.5,1266.32,231.83,430.67,551.22,0,0,0
21.01.2021,00:00,35590.31,13268.73,4925.04,3807.85,998.92,6981.3,3244.86,0,30.3,1282.48,231.83,449.53,541.42,0,0,-171.95
21.01.2021,01:00,33685.9,13236.54,2930.54,3789.95,994.2,7052.19,3241.89,0,29.4,1282.87,229.63,441.34,546.77,0,0,-89.42
21.01.2021,02:00,32248.47,13253.97,1595.39,3880.46,954.51,6939.43,3141.48,0,29.9,1287.9,231.83,465.37,549.61,0,0,-81.38
21.01.2021,03:00,31466.26,12497.21,1514.5,3958.19,995.58,6984.19,3080.25,0,29.9,1283.06,231.84,467.92,552.62,0,0,-129
21.01.2021,04:00,31283.23,12368.85,1481.34,4014.26,874.53,7037.64,3047.44,0,29.8,1280.86,231.83,465.76,561.16,0,0,-110.24
21.01.2021,05:00,31515.17,12701.57,1296.8,4077.58,917.74,7123.88,2960.75,0,29.9,1277.35,231.83,464.12,560.51,0,0,-126.86
21.01.2021,06:00,32275.47,12876.21,1812.34,4167.84,919.34,7157.72,2930.03,0.09,29.6,1276.94,234.04,473.65,552.83,0,0,-155.16
21.01.2021,07:00,34428.7,12816.82,3476.41,4218.13,1138.16,7403.45,3002.53,6.48,29.3,1260.83,231.83,469.42,551,0,0,-175.66
21.01.2021,08:00,38671.03,13534.01,6637.9,4131.53,1222.33,7650.15,3034.16,55.08,29.3,1228.33,234.04,473.38,551.58,0,0,-110.76
21.01.2021,09:00,41404.53,13815.91,9014.91,4150.04,1253.46,7722.98,2895.05,174.29,31.97,1219.89,231.83,469.17,555.95,0,0,-130.92
21.01.2021,10:00,41913.33,13647.27,9667.29,4183.02,1382.34,7685,2732.22,256.17,30.1,1214.51,231.83,480.76,540.09,0,0,-137.27
21.01.2021,11:00,42050.12,13553.39,9997.39,4222.82,1374.42,7677.13,2571.08,277.59,30.5,1215.89,231.83,468.88,531.02,0,0,-101.82
21.01.2021,12:00,40472.86,13317.32,8812.65,4297.14,1223.41,7647.32,2495.59,290.58,30.3,1236.93,231.83,452.76,544.21,0,0,-107.18
21.01.2021,13:00,40498.39,13471.6,8879.99,4342.13,1224.39,7548.45,2365.66,283.1,29.5,1238.18,229.63,451.82,553.44,0,0,-119.5
21.01.2021,14:00,41095.8,13256.73,9550.97,4330.59,1204.32,7710.99,2378.88,272.06,29.3,1236.03,231.84,458.18,555.22,0,0,-119.31
21.01.2021,15:00,41344.59,13347.97,9926.31,4319.68,1173.01,7482.91,2483.76,213.89,29.3,1233.81,229.62,462.1,549.5,0,0,-107.27
21.01.2021,16:00,42305.41,13608.18,10408.5,4281.02,1256.2,7723.6,2532.17,101.26,28.8,1229.23,231.83,461.04,549.26,0,0,-105.68
21.01.2021,17:00,43643.23,13600.59,11350.81,4252.57,1377.53,7936.64,2690.36,16,28.6,1237.92,227.42,454.98,566.22,0,0,-96.41
21.01.2021,18:00,43942.18,13323.62,11548.41,4316.95,1432.57,7924.68,2955.02,0,29.2,1246.06,231.83,479.87,564.58,0,0,-110.61
21.01.2021,19:00,42862.17,13451.4,9861.25,4486.65,1413.29,7919.94,3310.78,0,29.3,1264.99,231.83,482.43,560.39,0,0,-150.08
21.01.2021,20:00,41125.37,13537.99,8135.99,4529.2,1374.8,7665.25,3455.86,0,28.5,1272.06,231.83,482.89,557.68,0,0,-146.68
21.01.2021,21:00,40183.45,13853.23,7359.46,4312.77,1343.31,7194.45,3639.75,0,29.2,1271.94,229.63,477.13,563.36,0,0,-90.78
21.01.2021,22:00,39417.52,13920.78,6413.06,4330.61,1326.1,7195.47,3725.68,0,29.3,1267.59,229.62,473.73,556.2,0,0,-50.62
21.01.2021,23:00,37871.55,13401.48,5133.57,4411.92,1314.44,7256.87,3819.93,0,29.2,1269.02,234.02,472.58,528.52,0,0,0
22.01.2021,00:00,35524.71,12045.15,4811.41,4388.77,999.71,7073.71,3823.83,0,29.4,1276.66,231.83,479.76,512.17,0,0,-147.69
22.01.2021,01:00,33497.31,11877.12,3159.09,4343.38,915.03,7044.88,3730.96,0,29.2,1280.57,227.42,486.2,511.49,0,0,-108.03
22.01.2021,02:00,32258.44,11928.36,2067.29,4409.66,852.25,6845.89,3772.65,0,28.9,1283.81,229.62,486.37,517.81,0,0,-164.17
22.01.2021,03:00,31493.99,12028.53,1188.18,4496.12,859.87,6813.87,3693.47,0,29.1,1281.46,231.83,479.8,516.79,0,0,-125.03
22.01.2021,04:00,31154.31,11891.43,1017.87,4480.01,862.92,6794.14,3660.15,0,29.3,1277.27,227.42,465.09,532.83,0,0,-84.12
22.01.2021,05:00,31579.78,12174.47,1066.04,4442.78,865.48,6798.62,3595.31,0,28.6,1279.96,229.62,470.66,537.79,0,0,90.45
22.01.2021,06:00,32393.1,12350.31,1747.15,4462.22,895.18,6791.91,3719.58,0.31,29.1,1278.48,234.04,470.25,544.48,0,0,-129.91
22.01.2021,07:00,34396.03,12967.3,2777.39,4441.85,1050.22,6924.79,3819.31,15.37,28.8,1278.05,229.63,467.29,549.62,0,0,-153.59
22.01.2021,08:00,38388.04,13708.39,5318.91,4469.54,1152.79,7182.2,4019.04,81.11,28.6,1276.74,231.83,458.69,546.9,0,0,-86.7
22.01.2021,09:00,40438.05,13903.74,6855.74,4420.45,1336.4,7210.51,4100.4,215.15,31.53,1263.75,227.42,444.63,545.88,0,0,-117.55
22.01.2021,10:00,41303.99,13618.68,7860.29,4412.4,1543.14,7173.73,4001.99,298.36,31.42,1262.19,234.04,458.1,542.14,0,0,-132.49
22.01.2021,11:00,41170.04,13366.98,7863.78,4441.56,1526.6,7141.35,4143.46,314.06,32.48,1254.57,231.83,447.39,542.93,0,0,-136.95
22.01.2021,12:00,39207.41,13143.79,6222.77,4434.92,1299.65,7124.31,4272.85,321.46,32.83,1242.04,229.63,453.18,546.11,0,0,-116.13
22.01.2021,13:00,38308.48,12863,6110.31,4461.26,1183.29,6680.1,4304.73,325.66,32.33,1235.46,231.83,453.8,540.01,0,0,-113.3
22.01.2021,14:00,39392.06,12976.34,7126.54,4355.69,1216.34,6675.66,4311.9,297.87,31.46,1239.81,234.04,466.16,545.1,0,0,-84.85
22.01.2021,15:00,39762.62,12970.31,7271.91,4366.14,1241.39,6964.54,4335.89,227.82,28.2,1234.55,220.8,474.43,554.38,0,0,-127.74
22.01.2021,16:00,40657.56,13063.68,8049.24,4351.86,1305.06,7072.4,4281.12,107.23,28.4,1226.94,181.05,482.59,553.61,0,0,-45.62
22.01.2021,17:00,42236.85,13450.18,9173.89,4112.53,1500.47,7161.78,4404.8,20.42,28.3,1240.31,185.47,480.26,554.63,0,0,-76.19
22.01.2021,18:00,42514.38,13361.34,9380.16,4041.68,1621.55,7292.85,4438.01,0.01,28.2,1242.54,183.26,480.69,556.03,0,0,-111.94
22.01.2021,19:00,41277.71,13436.83,8155.25,4072.22,1523.65,7322.21,4487.01,0,29.4,1246.12,183.26,490.26,549.91,0,0,-218.41
22.01.2021,20:00,40102.74,13478.74,6748.79,4085.02,1381.99,7259.39,4640.17,0,28.2,1250.25,181.05,489.81,559.33,0,0,0
22.01.2021,21:00,39295.81,13639.78,6045.91,4092.05,1289.86,6998.82,4695.7,0,29.1,1262.13,183.26,492.76,566.44,0,0,0
22.01.2021,22:00,38475.47,13439.27,5428.98,4121.68,1185.89,7117.33,4644.33,0,28.7,1268.19,181.05,505.15,554.9,0,0,0
22.01.2021,23:00,37291.62,13209.26,4356.89,4116.53,1187.24,7177.44,4740.78,0,30.1,1257.67,183.26,497.79,534.66,0,0,0
23.01.2021,00:00,35280.26,11829.46,4069.48,4119.53,1083.33,6912.45,4874.96,0,36.1,1275.84,182.54,494.25,533.45,0,0,-131.13
23.01.2021,01:00,33004.53,11951.11,2014.92,4070.28,990.24,6885.63,4650.24,0,35.7,1272.64,182.54,499.32,543.92,0,0,-92.01
23.01.2021,02:00,32046.72,11550.92,1678.31,4064,884.35,6621.77,4815.58,0,35.3,1259.72,185.47,501.51,550.9,0,0,-101.11
23.01.2021,03:00,30983.23,11391.35,1560.12,3920.8,777.81,6249.68,4675.7,0,33,1258.09,185.47,500.47,566.88,0,0,-136.14
23.01.2021,04:00,30586.01,10808.73,1768.57,3957.81,828.4,6228.03,4546.5,0,33,1258.15,185.47,499.07,569.35,0,0,-97.07
23.01.2021,05:00,30570.24,10350.38,2196.94,3943.55,972.93,6248.56,4419.72,0,32.5,1260.12,185.54,505.99,562.11,0,0,-108.1
23.01.2021,06:00,30907.08,10605.33,2239.71,4020.55,988.13,6238.92,4385.02,0.13,32.3,1274.76,189.88,510.18,566.3,0,0,-144.13
23.01.2021,07:00,31472.07,11048.22,2250.31,3997.29,1002.48,6344.7,4379.05,16.73,33,1278.49,209.75,502.1,558.03,0,0,-148.08
23.01.2021,08:00,32621.59,11235.15,2829.37,3882.81,1050.16,6639.66,4506.33,86.72,35.2,1275.64,229.63,493.19,560.83,0,0,-203.1
23.01.2021,09:00,33264.22,11420.8,2861.86,3888.55,1111.91,6782.88,4612.71,224.24,36.5,1273.01,231.83,500.42,559.52,0,0,-240.01
23.01.2021,10:00,33603.9,12501.67,2343.68,3709.63,1293.86,6486.35,4534.24,310.17,36.3,1267.12,234.04,487.35,565.83,0,0,-166.34
23.01.2021,11:00,34109.61,12608.02,2554.34,3788.62,1232.82,6466.99,4704.72,321.23,36.3,1256.31,231.83,488.74,571.33,0,0,-151.64
23.01.2021,12:00,33557.81,12112.72,2269.4,4048.77,1099.38,6409.7,4874.91,341.13,35.1,1249.18,231.83,478.89,561.91,0,0,-155.11
23.01.2021,13:00,34125.1,12214.8,2557.81,4113.87,1120.72,6358.86,4990.39,335.67,36,1235.87,231.83,490.27,564.02,0,0,-125.01
23.01.2021,14:00,34397.4,12169.75,2773.75,4143.57,1166.68,6340.78,5076.7,303.06,36,1222.87,229.62,493.48,566.27,0,0,-125.13
23.01.2021,15:00,34821.65,12236.73,3064.73,4171.41,1154.22,6354.14,5185.34,233.66,35.7,1203.69,229.63,492.02,561.92,0,0,-101.54
23.01.2021,16:00,35918.88,12285.73,4188.66,4204.61,1214.41,6259.93,5241.77,124.58,34.7,1227.12,234.04,480.62,559.06,0,0,-136.35
23.01.2021,17:00,37506.81,12281.78,5598.12,4234.98,1328.3,6329.22,5305.81,19.05,39.5,1237.01,229.63,479.47,562.1,0,0,-138.16
23.01.2021,18:00,39315.86,12790.64,6341.22,4245.08,1423.21,6608.51,5492.19,0.04,36.4,1232.74,231.83,487.24,571.71,0,0,-144.95
23.01.2021,19:00,38720.52,12599.49,5516.69,4261.59,1356.82,6839.79,5790.56,0,35.6,1230.1,231.83,491.46,561.45,0,0,-194.86
23.01.2021,20:00,37931.86,12682.42,4242.01,4278.84,1312.76,6859.64,6140.62,0,35.8,1231.34,231.83,486.8,571.88,0,0,-142.08
23.01.2021,21:00,37104.38,12790.76,3485.7,4257.87,1200.34,6676.01,6273.1,0,35.3,1238.63,229.63,493.08,552.73,0,0,-128.77
23.01.2021,22:00,36423.74,12842.59,2862.47,4222.43,1211.51,6674.95,6175.46,0,35.4,1232.69,231.83,494.92,556.16,0,0,-116.67
23.01.2021,23:00,35351.69,11655.08,2970.42,4162.05,1221.71,6477.12,6328.61,0,35.3,1234.13,231.83,480.57,554.87,0,0,0
24.01.2021,00:00,33330.36,10363.02,2473.49,4161.65,1071.4,6280.18,6570.21,0,35.3,1242.27,229.62,472.23,538.53,0,0,-107.54
24.01.2021,01:00,31431.21,9190.12,1628.91,4210.22,1113.31,6201.49,6740.19,0,35.3,1224.48,229.63,480.04,545.43,0,0,-167.91
24.01.2021,02:00,29926.65,8374.53,1102.57,4190.13,925.91,6102.6,6745.42,0,35.3,1225.86,234.04,483.5,544.24,0,0,-37.45
24.01.2021,03:00,29076.38,7449.35,1193.51,4002.56,836.97,6076.25,6879.55,0,35.4,1231.48,227.42,501.63,544.69,0,0,97.57
24.01.2021,04:00,28635.9,6741.81,1253.73,3996.9,764.21,5984.05,7030.99,0,35.6,1226.29,231.83,493.64,548.35,0,0,328.5
24.01.2021,05:00,28455.44,6540.86,1160.72,4030.8,779.76,5993.37,7032.81,0,35.3,1228.41,231.83,501.11,548.27,0,0,372.2
24.01.2021,06:00,28503.37,6564.47,1151.04,4080.4,778.45,5977.17,7283.4,0.31,35.1,1229.43,231.83,504.3,542.28,0,0,125.19
24.01.2021,07:00,28399.5,6634.4,1185.64,4087.36,827.8,5725,7307.32,10.43,35,1227.35,234.04,496.71,542.49,0,0,85.96
24.01.2021,08:00,27685.51,6215.13,1314.64,4088.54,880.43,5343.43,7360.89,55.97,28.8,1240.19,231.83,476.74,544.93,0,0,-96.01
24.01.2021,09:00,28108.18,6409.55,1661.32,4114.06,939.35,5151.06,7255,176.71,28.5,1234.52,231.56,480.5,544.48,0,0,-118.43
24.01.2021,10:00,28933.96,6783.51,1670.57,4221.79,1005.65,5349.48,7238.09,246.05,32.5,1232.88,229.63,448.33,543.98,0,0,-68.5
24.01.2021,11:00,29737.91,7064.26,1791.43,4284.62,948.19,5736.69,7288.68,285.32,34.2,1228.29,229.62,490.54,511.54,0,0,-155.47
24.01.2021,12:00,30015.95,7337.35,1854.36,4235.52,909.7,5934.92,7090.55,292.42,33,1224.06,234.04,505.01,502.78,0,0,-137.76
24.01.2021,13:00,30540.45,7778.15,1918.05,4237.83,935.42,5991.98,7066.16,287.4,35,1203.72,231.83,492.42,510.64,0,0,-148.15
24.01.2021,14:00,30946.74,7862.52,2138.52,4241.46,1037.69,6109.42,6959.84,268.51,32.2,1200.32,229.63,478.73,522.26,0,0,-134.36
24.01.2021,15:00,31371.34,8128.2,2205.36,4227.7,1042.81,6212.26,7054.13,192.44,31.5,1194.97,229.63,482.73,528.35,0,0,-158.74
24.01.2021,16:00,32516.57,8966.43,2602.5,4323.83,1141.81,6262.38,6853.71,99.63,35,1192.53,233.83,491.29,518.73,0,0,-205.1
24.01.2021,17:00,34290.56,10155.02,3341.55,4330.51,1113.16,6436.3,6676.63,20.52,35.1,1207.03,231.83,499.81,521.96,0,0,-278.86
24.01.2021,18:00,36439.25,10723.67,4696.73,4340.97,1199.89,6719.55,6473,0.05,35.1,1213.48,231.83,489.67,519.44,0,0,-204.13
24.01.2021,19:00,36480.09,11024.24,4363.39,4323.97,1133.41,6913.36,6459.89,0,34.8,1213.01,231.83,492.86,527.1,0,0,-237.77
24.01.2021,20:00,35652.34,10881.03,3407.29,4307.98,1084.08,6983.3,6680.69,0,35.4,1226.08,229.63,502.17,528.95,0,0,-214.26
24.01.2021,21:00,34926.39,11083.42,2616.56,4143.49,1099.74,6921.19,6722.21,0,35.7,1226.99,229.62,489.23,529.71,0,0,-171.47
24.01.2021,22:00,34376.12,10916.9,2052.79,4136.39,1045.49,6871.85,6989.8,0,35.8,1216.75,231.83,492.42,526.13,0,0,-140.03
24.01.2021,23:00,33591.13,9986.46,1957.54,4121.55,1079.62,6918.81,7054.48,0,36.4,1215.1,229.62,481.18,510.37,0,0,0
25.01.2021,00:00,31997.08,8101.23,2261.87,4081.25,894.01,7261.63,7083.07,0,35.5,1218.62,229.62,490.52,527.65,0,0,-187.89
25.01.2021,01:00,30271.85,6925.87,1940.72,4081.64,961.11,6912.06,7089.3,0,33.2,1203.37,231.83,489.09,536.81,0,0,-133.15
25.01.2021,02:00,29042.18,5811.01,2218.3,3974.13,908.5,6547.44,7088.52,0,30.4,1200.74,231.83,499.86,531.42,0,0,0.03
25.01.2021,03:00,28306.01,5657.18,1696.34,4027.38,837.78,6102.14,7116.47,0,32.2,1200.78,234.04,503.27,534.95,0,0,363.48
25.01.2021,04:00,28091.1,5836.12,1187.96,4032.68,814.61,5938.67,7248.76,0,32.3,1196.69,227.42,498.03,528.45,0,0,549.41
25.01.2021,05:00,28437.82,5926.09,1166.08,4119.25,893.03,6071.3,7208.66,0,32,1190.89,231.83,493.2,537.54,0,0,567.95
25.01.2021,06:00,29493.82,6614.41,1249.67,4224.38,909.36,6528.3,7161.36,0.5,31.6,1197.31,231.84,492.81,532.05,0,0,320.23
25.01.2021,07:00,31771.89,8617.66,1545.95,4320.88,865.7,7057.7,7098.91,9.44,32.5,1195.19,231.83,502.52,539.56,0,0,-245.95
25.01.2021,08:00,36446.26,10786.25,3406.04,4332.45,1018.19,7382.01,7161.85,63.92,35.9,1193.56,227.42,497.68,542.73,0,0,-201.74
25.01.2021,09:00,39044.44,11594.21,4777.14,4454.43,1244.61,7474.51,7066.97,140.45,36.2,1198.98,231.83,483.01,546.82,0,0,-204.72
25.01.2021,10:00,40332.19,12150.74,5454.16,4385.33,1396.28,7308.52,7125.82,173.08,36.3,1194.43,231.83,483.73,532.71,0,0,-140.74
25.01.2021,11:00,41176.62,12661.53,5578.57,4386.52,1469.42,7411.21,7153.97,187.83,36.7,1208.82,231.83,479.86,516.32,0,0,-145.96
25.01.2021,12:00,40099.15,12673.1,4582.96,4401.65,1382.53,7346.13,7177.2,168.27,36.7,1202.36,231.83,472.44,521.5,0,0,-97.52
25.01.2021,13:00,40667.59,12820.08,4860.11,4357.58,1358.35,7390.21,7304.42,182.87,36.8,1212.64,229.63,471.38,535.3,0,0,-91.78
25.01.2021,14:00,41200.15,12455.35,5500.42,4379.31,1418.38,7735.56,7297.76,141.48,36.2,1204.6,234.04,468.87,521.67,0,0,-193.49
25.01.2021,15:00,40947.03,11690.74,6171.3,4389.18,1448.76,7679.83,7176.08,107.4,36.1,1203.66,231.83,489.93,535.7,0,0,-213.48
25.01.2021,16:00,41485.75,11740.57,6601.62,4414.84,1570.15,7876.24,6991.08,48.95,36.5,1193.8,227.42,491.57,521.09,0,0,-228.08
25.01.2021,17:00,42062.36,12085.18,7179.5,4425,1658.4,7889.25,6581.58,10.84,35.8,1201.32,231.84,482.97,538.64,0,0,-257.96
25.01.2021,18:00,42028.74,12387.43,7423.19,4330.52,1677.93,7917.84,6027.76,0.03,37.1,1201.26,231.83,490.53,543.31,0,0,-239.99
25.01.2021,19:00,40975.68,12405.58,6527.87,4352.62,1638.54,8077.23,5582.21,0,36.5,1210.69,229.62,492,539.77,0,0,-116.95
25.01.2021,20:00,39542.5,12004.75,5515.09,4362.06,1580.09,7901.83,5670.71,0,36.5,1213.27,231.83,491.13,535.24,0,0,0
25.01.2021,21:00,38784.3,12147.63,4831.52,4353.9,1446.67,7672.9,5843.83,0,36.9,1214.58,231.83,469.78,534.76,0,0,0
25.01.2021,22:00,38017.72,11999.18,4258.44,4320.12,1251.14,7619.21,6107.44,0,36.2,1217.63,231.83,482.8,493.73,0,0,0
25.01.2021,23:00,36863.43,11413.15,3793.94,4269.29,1282.58,7454.75,6179.91,0,36.8,1212.51,229.63,482.76,508.11,0,0,0
26.01.2021,00:00,34511.38,10490.35,2354.8,4207.84,1100.37,7854.41,6271.95,0,36.4,1222.05,231.83,486.05,535.85,0,0,-280.52
26.01.2021,01:00,32934.31,10091.31,1255.76,4183.48,1087.07,7641.09,6437.04,0,32.7,1212.86,229.63,480.75,545.05,0,0,-262.43
26.01.2021,02:00,31687.48,9020.22,1079.03,4029.28,993.77,7619.96,6692.01,0,35.3,1212.16,231.83,492.86,539.7,0,0,-258.64
26.01.2021,03:00,30588.5,7940.23,1320.41,3985.45,976.32,7292.34,6873.96,0,32.5,1209.91,231.83,482.86,538.75,0,0,-296.06
26.01.2021,04:00,30309.59,7993.54,1100.39,4048.52,960.41,7115.02,6838.5,0,31.8,1210.7,231.83,495.7,531.2,0,0,-248.02
26.01.2021,05:00,30512.9,7947.86,1192.98,3963.09,996.86,7223.22,6931.85,0,32.5,1209.04,231.83,493.35,532.79,0,0,-242.47
26.01.2021,06:00,31430.01,8592.45,1217.55,4095.31,983.78,7345.74,6966.22,0.88,34.9,1213.01,231.84,495.72,534.19,0,0,-281.58
26.01.2021,07:00,33225.25,10235.98,1051.84,4201.23,984.91,7500.1,7045.55,17.95,34.9,1207.36,229.63,490.81,536.41,0,0,-311.42
26.01.2021,08:00,37078.85,11676.79,2599.24,4255.87,1240.59,7891.81,7146.85,61.16,36.3,1216.28,229.62,477.59,541.95,0,0,-295.2
26.01.2021,09:00,39447.14,11871.93,4395.16,4274.26,1435.26,7872.85,7236.46,122.72,36.1,1209.98,229.62,469.18,526.12,0,0,-232.5
26.01.2021,10:00,40161.69,12181.16,4782.67,4223.4,1593.34,7814.29,7284.72,154.29,36,1190.93,231.83,489.39,498.96,0,0,-319.29
26.01.2021,11:00,40689.94,12295.18,5028.15,4287.19,1559.68,7764.88,7326.07,183.7,36.2,1182.28,231.83,481.79,510.04,0,0,-197.05
26.01.2021,12:00,39540.18,12342.34,4095.46,4166.04,1476.59,7747.28,7348.01,169.08,36.4,1170.3,229.63,478.71,513.67,0,0,-233.33
26.01.2021,13:00,40189.19,12476.47,4743.7,4144.6,1464.91,7745.77,7245.01,148.63,36.5,1162.44,234.24,474.71,528.3,0,0,-216.09
26.01.2021,14:00,40818.42,12448.43,5266.5,4153.91,1487.19,7735.56,7246.13,126.76,36,1153.63,231.83,473.59,530.28,0,0,-71.39
26.01.2021,15:00,40778.71,12184.19,5364.55,4181.77,1512.21,7761.73,7243.65,71.04,35.6,1156.87,229.63,455.86,562.31,0,0,19.3
26.01.2021,16:00,41110.96,12306.37,5711.18,4253.1,1591.8,7741.12,7125.65,29.5,35.9,1161.77,231.83,472.3,564,0,0,-113.56
26.01.2021,17:00,41785.25,12129.18,6501.56,4325.5,1720.04,7759.8,7098.07,4.79,34.7,1167.53,229.62,488.17,565.27,0,0,-238.98
26.01.2021,18:00,41988.98,12255.78,6576.19,4312.3,1767.87,7763.67,7079.74,0.02,35.7,1177.28,231.83,469.59,558.11,0,0,-239.1
26.01.2021,19:00,40653.88,12029.06,5386.99,4315.73,1694.41,7750.8,7283.89,0,35.5,1182.36,231.83,474.49,559.94,0,0,-291.12
26.01.2021,20:00,39305.54,11714.05,4146.13,4373.08,1629.38,7761.64,7388.02,0,35.2,1187.26,231.83,476.67,575.3,0,0,-213.02
26.01.2021,21:00,38486.98,11781.37,3348.06,4417.16,1572.41,7604.24,7426.72,0,35.7,1186.96,229.63,482.28,583.08,0,0,-180.63
26.01.2021,22:00,37820.72,11830.91,3094.35,4425.93,1388.79,7327.67,7338.77,0,35.5,1181.03,231.83,484.18,578.34,0,0,-96.58
26.01.2021,23:00,36762.4,11304.48,2896.96,4425.28,1322.01,7159.64,7170.59,0,36,1158.33,231.84,474.85,582.42,0,0,0
27.01.2021,00:00,34637.41,9751.38,2505.84,4370.73,1231.64,7585.92,6948.14,0,35,1191.2,229.62,483.01,577.19,0,0,-272.26
27.01.2021,01:00,32782.26,9233.52,1554.63,4375.2,1128.66,7357.71,6819.77,0,34.2,1181.01,231.84,480,582.84,0,0,-197.12
27.01.2021,02:00,31422.95,8295.65,1340.37,4368.04,1049.49,7179.46,6619.36,0,32.1,1177.18,231.83,489.49,577.23,0,0,62.75
27.01.2021,03:00,30618.33,8390.63,1339.27,4371.6,977.73,6794.44,6263.72,0,31.8,1189.74,229.62,493.5,560.21,0,0,-23.93
27.01.2021,04:00,30329.36,8478.18,1177.94,4395.27,932.29,6695.35,6056.53,0,32.5,1192.35,231.83,495.52,574.01,0,0,67.59
27.01.2021,05:00,30478.24,8467.28,1401.88,4441.96,1012.17,6720.05,5863.02,0,32.5,1168.6,231.84,479.71,577.56,0,0,81.67
27.01.2021,06:00,30785.24,8574.02,1395.71,4447.4,1003.19,7186.76,5567.5,1.19,32.5,1204.3,231.83,491.24,574.19,0,0,75.41
27.01.2021,07:00,33057.88,10673.39,2263.2,4425.65,1104.76,7319.27,4977.89,18.87,35,1203.59,234.04,487.94,573.52,0,0,-259.24
27.01.2021,08:00,36880.47,12549.16,4028.05,4464.72,1257.07,7743.33,4635.16,67.72,35.6,1220.1,231.83,474.6,555.45,0,0,-382.32
27.01.2021,09:00,39704.49,12256.17,6519.69,4452.63,1523.8,7721.35,4997.04,153.89,36.4,1221.86,231.83,472.79,563.04,0,0,-446
27.01.2021,10:00,41003.22,12234.7,7472.66,4397.54,1730.83,7696.62,5109.01,244.53,35.8,1229.08,229.63,456.92,570.28,0,0,-404.38
27.01.2021,11:00,41655.68,12240.54,8546.27,4344.23,1680.23,7756.07,4682.61,255.94,36.7,1215.94,231.83,462.16,571.25,0,0,-368.09
27.01.2021,12:00,40619.16,12349.92,7596.39,4393.45,1646.45,7717.93,4563.55,256.71,36.7,1198.31,229.63,453.27,566.86,0,0,-390.01
27.01.2021,13:00,41116.31,12462.69,8076.78,4408.61,1537.69,7691.33,4599.52,243.1,36.4,1186.57,231.83,447.6,577.19,0,0,-383
27.01.2021,14:00,41987.89,12490.41,8618.46,4453.92,1542.41,7711.06,4906.77,175.09,36.1,1194.41,229.63,418.14,576.25,0,0,-364.76
27.01.2021,15:00,42026.16,12421.3,8565.18,4455.26,1545.23,7796.51,5010.11,99.26,36.4,1205.84,229.56,420.59,586.98,0,0,-346.06
27.01.2021,16:00,42545.19,12702.64,8902.48,4428.81,1510.27,7844.61,5000.97,39.06,36.4,1225.58,231.83,452.11,572.04,0,0,-401.61
27.01.2021,17:00,42822.61,12564.72,9460.64,4358.07,1666.7,7818.65,4792.52,7.38,36,1252.08,234.04,464.47,582.01,0,0,-414.67
27.01.2021,18:00,42646.4,12539.61,9261.51,4316.15,1743.71,7838.76,4758.41,0.01,35.8,1269.18,229.63,462.14,582.91,0,0,-391.42
27.01.2021,19:00,41616.57,12403.16,8031.63,4411.7,1645.74,7825.58,5089.95,0,36.8,1275.06,231.83,470.37,590.96,0,0,-396.21
27.01.2021,20:00,39939.17,12150.15,6950.79,4311.11,1606.98,7625.65,5048.19,0,36.9,1275.66,231.83,469.96,587.22,0,0,-355.27
27.01.2021,21:00,39006.76,12457.18,6495.3,4182.54,1504.48,7462.91,4592.63,0,36.5,1276.3,234.04,470.6,577.67,0,0,-283.39
27.01.2021,22:00,38272.41,12691.8,6059.74,4202.17,1432.15,7460.34,4152.74,0,36.5,1277.99,231.83,461.05,563.93,0,0,-297.83
27.01.2021,23:00,37364.86,12673.76,5318.64,4264.14,1383.86,7477.23,3696.41,0,36.6,1246.04,234.04,473.04,561.1,0,0,0
28.01.2021,00:00,35087.3,12750.39,3481.91,4309.01,1289.4,7587.3,3363.9,0,37.2,1277.88,229.63,477.15,564.71,0,0,-281.18
28.01.2021,01:00,33058.8,12791.25,1981.55,4326.42,1226.74,7549.11,2855.83,0,37,1280.62,227.41,484.22,570.13,0,0,-271.48
28.01.2021,02:00,31868.52,11979.79,2022.5,4300.65,1166.92,7605.82,2485.34,0,37.2,1278.41,231.83,478.64,565.75,0,0,-284.33
28.01.2021,03:00,31000.42,11615.27,2020.83,4290.8,1156.59,7369.77,2263.2,0,36.5,1281.56,231.83,488.02,573.96,0,0,-327.91
28.01.2021,04:00,30808.86,11677.82,1889.73,4297.93,1140.46,7442.45,2071.86,0,37,1282.14,231.83,491.75,567.28,0,0,-321.39
28.01.2021,05:00,31042.01,11725.99,1938.39,4277.11,1267.43,7519.36,2006.21,0,36.5,1283.98,229.62,473.92,566.63,0,0,-283.13
28.01.2021,06:00,31823.36,12574.6,2059.4,4247.64,1189.16,7635.63,1848.15,0.54,36.6,1284.52,229.63,463.28,563.77,0,0,-309.56
28.01.2021,07:00,33923.25,12684.5,3851.43,4250.14,1263.96,7787.29,1802.18,7.05,36.9,1285.82,231.83,468.5,562.13,0,0,-308.48
28.01.2021,08:00,37862.62,12714.53,7461.43,4334.79,1305.25,7774.8,1919.33,52.62,37.5,1271.11,231.83,463.5,555.71,0,0,-259.78
28.01.2021,09:00,40726.13,13097.2,9868.83,4444.06,1483.17,7776.1,1715.16,142.52,37.3,1240.49,229.63,433.8,558.49,0,0,-300.62
28.01.2021,10:00,41988.98,13342.56,10690.3,4463.69,1640.77,7780.69,1589.7,210.6,37.6,1240.41,229.62,448.27,559.13,0,0,-244.36
28.01.2021,11:00,42394.23,13365.09,10659.01,4511.01,1720.8,8106.58,1591.08,244.95,37,1222.24,231.83,450.96,552.99,0,0,-299.31
28.01.2021,12:00,41259.38,13364.29,9689,4544.56,1664.02,7865.3,1662.8,248.48,37,1221.27,229.63,446.3,566.47,0,0,-279.74
28.01.2021,13:00,41801.54,13594.45,10022.21,4671.62,1576.32,7812.4,1628.83,217.34,37.6,1230.5,229.63,434.57,564.62,0,0,-218.55
28.01.2021,14:00,42647.66,13534.48,10555.01,4670.84,1628.38,8158.18,1637.84,166.6,37.5,1233.35,231.83,463.3,567.61,0,0,-237.26
28.01.2021,15:00,42636.52,13556.64,10788.87,4614.92,1539.56,8169.8,1575.08,101.69,37,1225.71,231.84,465.16,582.42,0,0,-252.17
28.01.2021,16:00,42928.97,13550.52,11179.02,4607.68,1580.52,8251.64,1420.49,53.46,36.7,1228.34,231.83,459.9,574.83,0,0,-245.96
28.01.2021,17:00,43156.3,13329.83,11523.32,4748.63,1710.88,8264.21,1327.28,11.67,36.4,1225.04,231.84,455.69,591.14,0,0,-299.63
28.01.2021,18:00,42941.28,13505.48,11451.71,4780.09,1669.43,8179.67,1138.76,0.01,36.4,1235.15,229.62,455.09,584.32,0,0,-324.45
28.01.2021,19:00,42425.34,13516.6,10951.42,4730.48,1670.57,8245.31,1009.56,0,36.6,1253.03,234.04,466.3,575.63,0,0,-264.2
28.01.2021,20:00,40716.44,13465.52,9432.76,4757.79,1643.06,8164.65,977.65,0,36.4,1265.4,231.83,458.08,569.16,0,0,-285.86
28.01.2021,21:00,39618.6,13734.6,8546.93,4574.4,1567.02,7978.69,887.65,0,36.6,1282.6,231.83,457.8,567.27,0,0,-246.79
28.01.2021,22:00,38785.35,13757.21,7702.02,4677.05,1549.39,7937.19,868.66,0,36.7,1288.75,229.63,459.64,588.17,0,0,-309.06
28.01.2021,23:00,37911.66,13672.48,6574.43,4697.14,1479.37,7914.08,962.51,0,36,1287.54,234.04,460.22,593.85,0,0,0
29.01.2021,00:00,35631.93,12310.31,5782.58,4727.99,1413.57,7969.35,1046.84,0,36.4,1281.9,229.63,487.85,607.75,0,0,-262.24
29.01.2021,01:00,33714.37,12039.74,3975.7,4705.79,1302.59,8069.83,1249.34,0,36,1283.97,231.83,477.52,613.81,0,0,-271.75
29.01.2021,02:00,32243.8,12011.61,2397.83,4693.98,1279.07,8087.5,1459.82,0,36.5,1281.99,231.83,474.99,612.85,0,0,-324.17
29.01.2021,03:00,31373.89,11459.04,2016.2,4537.39,1189.19,8094.55,1709.32,0,36.7,1284.12,231.83,462.69,620.69,0,0,-267.83
29.01.2021,04:00,31273.97,11367.64,1932.37,4525.22,1172.12,7954.98,1921.6,0,36.9,1284.55,229.63,471.79,623.38,0,0,-246.21
29.01.2021,05:00,31423.33,11292.84,1915.41,4362,1202.92,8079.06,2212.03,0,36.2,1280.08,231.83,471.45,621.89,0,0,-282.38
29.01.2021,06:00,32316.92,11788.24,1981.15,4349.73,1257.05,8119.27,2476.84,1.15,36.2,1262.37,227.42,463.58,622.85,0,0,-268.93
29.01.2021,07:00,34099.08,12325,2882.49,4374.27,1383.84,8109,2694.4,12.75,36.2,1261.25,231.83,491.12,620.99,0,0,-324.06
29.01.2021,08:00,38328.41,13493.93,5626.91,4378.56,1504.53,8066.45,2822.59,56.64,37.6,1260.26,231.83,472.64,617.45,0,0,-240.98
29.01.2021,09:00,41353.2,13723.53,8156.5,4325.11,1712.42,8134.5,2901.75,100.79,36.5,1246.76,229.62,468.92,597.4,0,0,-280.6
29.01.2021,10:00,42123.55,13562.77,8824.48,4286.18,1802.18,8117.99,3170.96,136.47,37.2,1238.14,229.62,462.93,584.76,0,0,-330.13
29.01.2021,11:00,42605.33,13691.13,8902.79,4203.39,1845.94,8173.18,3321.1,181.2,38.2,1237.99,227.42,463.13,609.97,0,0,-290.11
29.01.2021,12:00,41049.53,13571.24,7403.49,4203.49,1813.44,8176.19,3379.04,206.61,37,1222.1,229.63,438.28,618.21,0,0,-249.19
29.01.2021,13:00,39737.05,13478.66,5924.31,4161.04,1784.28,8162.61,3715.97,209.54,37.7,1228.45,231.83,439.34,620.22,0,0,-256.9
29.01.2021,14:00,40873.85,13594.13,6438.85,4188.25,1768.61,8186.52,4167.44,204.77,38,1234.44,231.83,433.05,634.94,0,0,-246.98
29.01.2021,15:00,40779.72,13545.21,6231.35,4289.78,1711.76,8184.15,4345.87,180.79,37.4,1219.11,229.63,439.29,635.15,0,0,-269.77
29.01.2021,16:00,41104.41,13448.34,6319.81,4367.49,1770.89,8200.83,4665.28,98.07,37.1,1211,231.83,440.07,625.7,0,0,-312
29.01.2021,17:00,41879.83,13237.57,7009.97,4369.13,1833.15,8170,4970.22,22.03,37.2,1253.47,231.83,433.61,615.85,0,0,-304.2
29.01.2021,18:00,42363.82,13284.75,7116.43,4371.36,1807.99,8161.07,5285.69,0.13,37.4,1259.56,231.83,434.83,624.08,0,0,-251.3
29.01.2021,19:00,41561.57,13345.34,5928.63,4424.32,1776.71,8195.67,5570.58,0,37.4,1259.01,229.62,445.41,630.63,0,0,-281.75
29.01.2021,20:00,39950.27,13187.55,4572.94,4414.6,1622.55,8134.95,5672.42,0,37.4,1260.78,231.83,446.88,633.06,0,0,-264.69
29.01.2021,21:00,39116.06,12396.6,4601.1,4419.34,1563.33,7896.44,5818.3,0,37,1259.79,231.83,445.48,618.82,0,0,-171.97
29.01.2021,22:00,38425.1,12403.68,4623.15,4440.57,1385.35,7507.51,5673.97,0,37.6,1264.16,229.62,444.55,628.35,0,0,-213.41
29.01.2021,23:00,37696.75,12075.34,4048.02,4504.22,1398.33,7347.62,5723.79,0,37.6,1265.82,231.84,437.7,626.47,0,0,0
30.01.2021,00:00,35362.12,11784.4,2378.42,4548.08,1249.02,7217.96,5862.09,0,38.5,1256.67,229.62,445,626.96,0,0,-274.6
30.01.2021,01:00,33499.62,10554.57,1775.82,4591.75,1176.61,7073.12,6009.64,0,35.5,1227.44,234.04,455.28,629.93,0,0,-264.08
30.01.2021,02:00,31976.27,8931.23,1846.58,4618.2,1054.86,7069.04,6144.2,0,35.5,1228.37,231.83,464.56,627.68,0,0,-275.78
30.01.2021,03:00,30903.3,8152.57,1937.81,4558.42,1071.2,6947.03,5956.9,0,35.5,1227.94,229.62,454.85,623.01,0,0,-291.55
30.01.2021,04:00,30392.14,7928.04,1564.31,4542.6,1028.54,6925.6,6089.21,0,35.5,1229.08,229.62,472.61,622.23,0,0,-275.2
30.01.2021,05:00,30333.19,7828.51,1557.93,4540.24,1021.4,6900.56,6129.54,0,35.5,1227.78,229.63,478.15,637.11,0,0,-253.16
30.01.2021,06:00,30728.7,8081.4,1747.09,4516.08,1071.77,6636.45,6282.1,0.93,35.5,1245.93,231.83,478.96,643.59,0,0,-242.93
30.01.2021,07:00,31232.77,8620.53,1879.35,4518.59,1056.6,6503.91,6315.55,13.31,38.5,1225.01,231.84,477.93,643.9,0,0,-292.25
30.01.2021,08:00,32555.24,9351.13,1882.65,4546.42,1121.83,6926.12,6345.52,61.04,38.5,1229.67,231.83,463.16,640.35,0,0,-282.98
30.01.2021,09:00,34213.21,10608.99,1843.42,4620.68,1195.4,7230.02,6229.91,137.33,38.5,1244.91,229.62,478.65,649.68,0,0,-293.9
30.01.2021,10:00,35231.66,11244.27,2134.93,4643.54,1398.62,7363.05,5993.54,182.12,38.5,1229.23,231.83,460.66,626.13,0,0,-314.76
30.01.2021,11:00,36622.79,12011.68,2508.93,4627.81,1431.96,7556.37,6025.03,187.73,38.5,1233.15,231.83,462.18,602.16,0,0,-294.54
30.01.2021,12:00,36403.73,12060.38,2524.35,4637.91,1310.16,7631.69,5780.43,163.19,37.9,1234.6,231.84,485.8,608.84,0,0,-303.36
30.01.2021,13:00,37374.13,12523.71,3504.85,4723.81,1324.94,7758.57,5103.45,131.61,37.8,1223.79,231.83,466.52,596.95,0,0,-253.7
30.01.2021,14:00,37863.82,12590.76,4117.99,4731.3,1359.05,7860.15,4805.9,101.29,37,1198.73,229.63,484.61,613.66,0,0,-266.25
30.01.2021,15:00,37803.05,12541.3,4611.12,4725.84,1429.49,7842.96,4364.35,48.08,36.4,1158.53,234.04,489.35,588.83,0,0,-267.24
30.01.2021,16:00,38041.99,12527.75,5082.13,4723.21,1491.06,7888.5,4072.11,15.01,36.9,1182.43,231.83,496.77,596.66,0,0,-302.37
30.01.2021,17:00,38133.12,12157.47,5616.94,4679.16,1565.1,7869.05,3988.01,2.85,36.5,1193.5,229.63,491.99,601.67,0,0,-298.75
30.01.2021,18:00,38899.4,12224.86,6305.61,4662.83,1549.03,7882.1,4027.27,0.07,36.7,1205.86,231.83,492.13,605,0,0,-323.89
30.01.2021,19:00,38745.7,12183.69,6261.05,4673.26,1583.06,7892.24,3893.14,0,37,1227.71,231.83,497.58,594.34,0,0,-329.2
30.01.2021,20:00,37482.68,12296.91,5283.36,4661.62,1513.4,7847.65,3577.36,0,37.4,1246.1,231.83,501.45,591.22,0,0,-305.62
30.01.2021,21:00,36576.23,12262.49,4695.82,4677.54,1441.95,7865.01,3318.97,0,37.3,1253.16,229.62,494.29,601.78,0,0,-301.7
30.01.2021,22:00,36068.46,12484.96,4113.02,4685.03,1419.81,7753.53,3288.44,0,37.5,1257.98,229.63,496.08,610.98,0,0,-308.5
30.01.2021,23:00,35168.26,12426.98,3410.25,4739.21,1325.64,7857.25,2793.67,0,37.3,1257.31,231.83,481.57,607.25,0,0,0
31.01.2021,00:00,33156.77,11230.36,3267,4802.79,1283.5,7730.08,2521.87,0,36.8,1261.76,229.63,480.76,591.42,0,0,-279.2
31.01.2021,01:00,31331.73,10859.33,2087.45,4679.79,1285.44,7706.53,2377.08,0,37.5,1260.42,229.62,487.42,597.09,0,0,-275.94
31.01.2021,02:00,29834.78,9454.92,2149.6,4719.15,1396.22,7714.39,2045.65,0,37.2,1259.99,231.83,493.19,601.07,0,0,-268.43
31.01.2021,03:00,28923.03,8555.55,2200.98,4723.55,1324.21,7713.76,2012.58,0,37.2,1262.04,229.62,490.88,599.89,0,0,-227.23
31.01.2021,04:00,28279.07,8341.69,1954.25,4681.13,1219.18,7659.15,1948.93,0,34.6,1263.16,229.62,496.41,600.38,0,0,-149.43
31.01.2021,05:00,28146.87,8222.01,1907.16,4593.76,1194.4,7683.72,2066.77,0,33.8,1266.18,231.83,498.87,610.51,0,0,-162.14
31.01.2021,06:00,28119.36,7898.46,1786.09,4633.38,1180.12,7695.52,2274.72,0.79,33.8,1268.44,231.84,494.49,613.79,0,0,7.92
31.01.2021,07:00,28036.52,7748.32,1756.7,4767.92,1181.46,7634.57,2504.96,14.22,36,1237.32,231.83,501.54,608.16,0,0,-186.48
31.01.2021,08:00,27363.5,7566.12,1757.6,4711.51,1297.49,6950.19,2794.2,54.5,32.7,1171.37,229.62,487.59,582.81,0,0,-272.2
31.01.2021,09:00,27958.85,7740.21,1941.2,4744.66,1300.62,6903.98,2957.99,169.74,32.9,1163.66,229.63,478.91,598.39,0,0,-303.04
31.01.2021,10:00,28835.45,8184.53,1976.19,4732.89,1361.04,7206.42,2957.2,227.17,33.6,1147.89,229.62,483.27,606.37,0,0,-310.74
31.01.2021,11:00,29533.12,8564.27,1822.78,4830.45,1497.63,7483.56,2901.25,266.5,35.6,1127.91,231.83,487.62,624.73,0,0,-341.01
31.01.2021,12:00,29697.72,8576.19,1806.74,4851.14,1376.49,7588.18,3041.22,291.86,36.3,1113.71,234.04,479.09,621.92,0,0,-319.16
31.01.2021,13:00,30201.64,8649.15,1841.84,4872.13,1399.61,7674.73,3293.33,275.91,36.1,1127.94,234.04,476.51,628.69,0,0,-308.34
31.01.2021,14:00,30516.03,8551.78,1838.45,4922.33,1399.25,7692.36,3597.41,259.08,36.7,1154.21,231.83,473.5,631.85,0,0,-272.72
31.01.2021,15:00,30555.66,8292.55,2001.48,4903,1373.09,7669.78,3835.87,208.77,36.9,1169.41,229.63,480.78,631.33,0,0,-276.93
31.01.2021,16:00,31436.71,8241.71,2479.35,4885.43,1415.31,7659.57,4293.94,115.33,36.4,1171.19,231.83,473.01,636.38,0,0,-202.74
31.01.2021,17:00,33112.18,9017.65,2872.47,4800.71,1516.11,7743.27,4811.4,25.81,35.8,1159.49,231.83,474.05,634.95,0,0,-211.36
31.01.2021,18:00,35572.52,9945.69,3458.2,4779.45,1595,7803,5597.65,0.45,35.9,1187.07,227.42,482.33,637.36,0,0,-177
31.01.2021,19:00,36001.14,10151.52,3072.19,4750.87,1586.12,7845.35,6241.86,0,37.1,1187.75,234.04,480.51,641.28,0,0,-227.45
31.01.2021,20:00,35497.86,10238.72,2284.65,4747.51,1542.7,7749.3,6603.58,0,37.3,1167.98,231.83,483.23,626.42,0,0,-215.36
31.01.2021,21:00,34621.66,9702.1,2181.82,4758.35,1410.93,7476.04,6776.44,0,34,1173.58,231.83,496.46,615.45,0,0,-235.34
31.01.2021,22:00,34159.04,8821.14,2552.83,4734.08,1487.9,7393.52,6693.63,0,33.4,1190.9,231.83,494.86,619.97,0,0,-95.02
31.01.2021,23:00,33371.44,7643.08,2827.3,4559.01,1605.52,7578.42,6604.24,0,35.2,1178.42,229.63,489.71,620.91,0,0,0
,,,,,,,,,,,,,,,,,
,,,,,,,,,,,,,,,,,
,,,,,,,,,,,,,,,,,
,,,,,,,,,,,,,,,,,
,,,,,,,,,,,,,,,,,
,,,,,,,,,,,,,,,,,
,,,,,,,,,,,,,,,,,
,,,,,,,,,,,,,,,,,
,,,,,,,,,,,,,,,,,
,,,,,,,,,,,,,,,,,
,,,,,,,,,,,,,,,,,
,,,,,,,,,,,,,,,,,
,,,,,,,,,,,,,,,,,
,,,,,,,,,,,,,,,,,
,,,,,,,,,,,,,,,,,
,,,,,,,,,,,,,,,,,
,,,,,,,,,,,,,,,,,
,,,,,,,,,,,,,,,,,
,,,,,,,,,,,,,,,,,
,,,,,,,,,,,,,,,,,
,,,,,,,,,,,,,,,,,
,,,,,,,,,,,,,,,,,
,,,,,,,,,,,,,,,,,
,,,,,,,,,,,,,,,,,
